detail_id,session_id,question_id,selected_answer,is_correct,response_time,created_at
458,260,278,4,False,16,2025-06-04 07:43:32.130322
459,260,278,2,True,16,2025-06-04 07:43:32.459816
456,260,279,1,False,10,2025-06-04 07:43:25.797713
457,260,279,2,True,10,2025-06-04 07:43:26.316724
454,260,295,2,False,7,2025-06-04 07:43:23.118856
455,260,295,1,True,8,2025-06-04 07:43:23.991621
449,260,297,4,False,2,2025-06-04 07:43:17.937780
450,260,297,1,False,2,2025-06-04 07:43:18.580037
451,260,297,3,False,3,2025-06-04 07:43:19.366480
453,260,297,2,True,6,2025-06-04 07:43:21.696091
448,260,298,2,True,1,2025-06-04 07:43:16.738387
516,261,422,3,True,38,2025-06-04 07:56:04.550446
653,261,426,3,True,85,2025-06-04 07:56:51.599012
660,261,428,2,True,89,2025-06-04 07:56:55.297505
761,261,440,2,True,131,2025-06-04 07:57:37.904821
587,261,442,2,True,58,2025-06-04 07:56:24.812628
723,261,448,4,False,116,2025-06-04 07:57:22.420736
742,261,448,2,True,124,2025-06-04 07:57:30.654689
498,261,450,4,True,29,2025-06-04 07:55:55.606332
544,261,451,3,True,45,2025-06-04 07:56:11.636959
596,261,452,2,False,65,2025-06-04 07:56:31.908051
635,261,452,3,True,79,2025-06-04 07:56:45.779181
569,261,453,3,True,53,2025-06-04 07:56:18.935045
501,262,424,3,True,31,2025-06-04 07:55:57.006189
480,262,426,3,True,22,2025-06-04 07:55:48.219500
638,262,427,3,True,80,2025-06-04 07:56:46.769198
549,262,433,1,True,47,2025-06-04 07:56:13.617281
597,262,440,2,True,66,2025-06-04 07:56:32.208669
621,262,442,2,True,74,2025-06-04 07:56:40.331112
589,262,443,4,True,61,2025-06-04 07:56:26.950073
515,262,445,3,True,38,2025-06-04 07:56:04.470817
691,262,450,4,True,101,2025-06-04 07:57:07.878581
572,262,453,3,True,54,2025-06-04 07:56:20.678199
694,263,426,3,True,101,2025-06-04 07:57:08.053388
775,263,427,1,False,140,2025-06-04 07:57:46.746155
778,263,427,4,False,141,2025-06-04 07:57:47.788430
783,263,427,2,False,142,2025-06-04 07:57:48.509912
786,263,427,3,True,142,2025-06-04 07:57:49.161707
658,263,431,1,True,88,2025-06-04 07:56:54.552903
731,263,440,2,True,119,2025-06-04 07:57:25.349396
715,263,445,3,True,111,2025-06-04 07:57:17.404386
543,263,447,3,True,44,2025-06-04 07:56:10.961671
497,263,448,2,True,28,2025-06-04 07:55:55.200360
478,263,449,4,True,19,2025-06-04 07:55:45.972761
678,263,451,3,True,95,2025-06-04 07:57:01.520437
570,263,452,4,False,52,2025-06-04 07:56:19.107137
641,263,452,3,True,81,2025-06-04 07:56:47.522306
703,264,426,3,True,104,2025-06-04 07:57:10.672973
713,264,427,3,True,110,2025-06-04 07:57:17.055510
743,264,431,4,False,124,2025-06-04 07:57:31.002096
747,264,431,1,True,126,2025-06-04 07:57:32.788172
729,264,443,3,False,118,2025-06-04 07:57:24.955781
737,264,443,4,True,120,2025-06-04 07:57:26.482401
774,264,446,2,True,139,2025-06-04 07:57:46.181391
579,264,447,3,True,55,2025-06-04 07:56:22.404495
618,264,449,4,True,72,2025-06-04 07:56:39.194208
476,264,451,3,True,19,2025-06-04 07:55:45.776507
494,264,452,3,True,28,2025-06-04 07:55:54.413419
470,264,453,3,True,14,2025-06-04 07:55:40.903272
604,265,422,3,True,67,2025-06-04 07:56:34.185058
517,265,424,3,True,38,2025-06-04 07:56:05.174915
620,265,436,2,True,73,2025-06-04 07:56:40.219845
529,265,445,3,True,41,2025-06-04 07:56:07.750873
586,265,448,2,True,57,2025-06-04 07:56:24.520911
536,265,449,3,False,43,2025-06-04 07:56:09.508690
562,265,449,4,True,50,2025-06-04 07:56:17.116516
634,265,450,4,True,79,2025-06-04 07:56:45.753402
461,265,451,3,True,6,2025-06-04 07:55:33.122749
486,265,452,3,True,24,2025-06-04 07:55:51.409766
500,265,453,3,True,29,2025-06-04 07:55:56.047161
571,266,422,2,False,53,2025-06-04 07:56:19.806090
578,266,422,4,False,55,2025-06-04 07:56:22.314641
583,266,422,3,True,57,2025-06-04 07:56:23.901760
749,266,424,1,False,126,2025-06-04 07:57:32.987425
752,266,424,3,True,127,2025-06-04 07:57:34.426966
630,266,428,4,False,78,2025-06-04 07:56:45.138157
637,266,428,3,False,80,2025-06-04 07:56:46.536219
645,266,428,1,False,81,2025-06-04 07:56:48.484855
647,266,428,2,True,82,2025-06-04 07:56:49.460034
764,266,431,2,False,132,2025-06-04 07:57:40.428419
765,266,431,1,True,133,2025-06-04 07:57:40.537955
704,266,433,1,True,105,2025-06-04 07:57:12.494515
717,266,445,4,False,111,2025-06-04 07:57:18.474642
734,266,445,3,True,119,2025-06-04 07:57:25.925961
495,266,446,4,False,27,2025-06-04 07:55:54.474831
530,266,446,2,True,41,2025-06-04 07:56:08.188607
672,266,448,4,False,92,2025-06-04 07:56:59.202699
675,266,448,3,False,94,2025-06-04 07:57:00.525017
686,266,448,2,True,98,2025-06-04 07:57:05.249349
550,266,451,3,True,47,2025-06-04 07:56:13.822583
617,266,452,3,True,71,2025-06-04 07:56:37.775797
531,267,422,1,False,41,2025-06-04 07:56:08.427840
535,267,422,2,False,42,2025-06-04 07:56:09.225391
538,267,422,4,False,43,2025-06-04 07:56:09.823635
540,267,422,3,True,43,2025-06-04 07:56:10.342887
552,267,426,2,False,47,2025-06-04 07:56:14.381420
554,267,426,3,True,48,2025-06-04 07:56:15.057372
468,267,431,2,False,12,2025-06-04 07:55:39.303030
469,267,431,1,True,13,2025-06-04 07:55:40.302291
481,267,433,2,False,21,2025-06-04 07:55:48.274561
483,267,433,3,False,22,2025-06-04 07:55:48.856068
490,267,433,4,False,23,2025-06-04 07:55:52.917730
491,267,433,1,True,24,2025-06-04 07:55:53.155071
560,267,442,3,False,49,2025-06-04 07:56:16.627780
563,267,442,1,False,50,2025-06-04 07:56:17.303952
565,267,442,4,False,51,2025-06-04 07:56:18.528433
566,267,442,2,True,51,2025-06-04 07:56:18.541122
460,267,443,2,False,6,2025-06-04 07:55:33.039915
463,267,443,1,False,7,2025-06-04 07:55:34.219500
464,267,443,3,False,8,2025-06-04 07:55:35.421992
465,267,443,4,True,9,2025-06-04 07:55:36.146694
492,267,446,2,True,26,2025-06-04 07:55:53.188702
546,267,448,1,False,45,2025-06-04 07:56:12.436454
547,267,448,2,True,46,2025-06-04 07:56:12.897310
548,267,448,4,False,46,2025-06-04 07:56:13.382811
523,267,450,2,False,39,2025-06-04 07:56:06.777674
524,267,450,4,True,40,2025-06-04 07:56:06.873360
505,267,451,3,True,31,2025-06-04 07:55:58.485500
684,268,427,4,False,96,2025-06-04 07:57:03.759281
689,268,427,3,True,100,2025-06-04 07:57:07.080941
499,268,428,1,False,29,2025-06-04 07:55:55.902724
514,268,428,4,False,37,2025-06-04 07:56:03.994027
526,268,428,3,False,40,2025-06-04 07:56:07.446537
532,268,428,2,True,41,2025-06-04 07:56:08.434083
771,268,440,2,True,136,2025-06-04 07:57:43.480579
784,268,443,2,False,141,2025-06-04 07:57:48.769007
791,268,443,4,True,144,2025-06-04 07:57:51.183959
662,268,445,4,False,88,2025-06-04 07:56:55.642468
666,268,445,3,True,91,2025-06-04 07:56:58.225379
757,268,447,3,True,129,2025-06-04 07:57:36.623425
474,268,448,2,True,15,2025-06-04 07:55:42.342460
482,268,449,4,True,21,2025-06-04 07:55:48.381452
600,268,450,2,False,65,2025-06-04 07:56:32.476059
606,268,450,3,False,68,2025-06-04 07:56:34.883888
609,268,450,1,False,68,2025-06-04 07:56:35.662265
614,268,450,4,True,69,2025-06-04 07:56:36.558995
830,268,453,2,False,166,2025-06-04 07:58:12.927946
841,268,453,3,True,171,2025-06-04 07:58:18.137679
513,269,422,1,False,37,2025-06-04 07:56:03.879192
527,269,422,3,True,40,2025-06-04 07:56:07.573260
593,269,428,3,False,63,2025-06-04 07:56:30.509724
594,269,428,1,False,64,2025-06-04 07:56:31.212966
598,269,428,4,False,65,2025-06-04 07:56:32.333296
603,269,428,2,True,66,2025-06-04 07:56:33.195296
564,269,431,2,False,50,2025-06-04 07:56:17.497316
568,269,431,1,True,52,2025-06-04 07:56:18.896509
584,269,442,2,True,57,2025-06-04 07:56:24.007606
485,269,445,3,True,24,2025-06-04 07:55:51.076448
661,269,448,4,False,88,2025-06-04 07:56:55.632026
664,269,448,3,False,90,2025-06-04 07:56:56.710254
668,269,448,2,True,91,2025-06-04 07:56:58.534626
652,269,449,4,True,83,2025-06-04 07:56:50.377270
466,269,451,3,True,10,2025-06-04 07:55:37.691386
503,269,452,3,True,30,2025-06-04 07:55:57.749053
622,269,453,3,True,73,2025-06-04 07:56:40.832097
623,270,422,3,True,73,2025-06-04 07:56:40.835789
561,270,424,4,False,49,2025-06-04 07:56:16.797480
580,270,424,1,False,55,2025-06-04 07:56:22.498889
581,270,424,3,True,56,2025-06-04 07:56:23.165562
642,270,426,2,False,80,2025-06-04 07:56:47.827020
643,270,426,4,False,81,2025-06-04 07:56:48.341258
646,270,426,3,True,82,2025-06-04 07:56:49.047906
648,270,426,1,False,82,2025-06-04 07:56:49.556291
537,270,443,2,False,42,2025-06-04 07:56:09.637815
551,270,443,3,False,47,2025-06-04 07:56:14.099594
555,270,443,1,False,48,2025-06-04 07:56:15.278557
557,270,443,4,True,49,2025-06-04 07:56:15.970565
489,270,445,3,True,25,2025-06-04 07:55:52.848036
520,270,447,4,False,39,2025-06-04 07:56:06.023427
522,270,447,3,True,39,2025-06-04 07:56:06.624688
599,270,448,3,False,65,2025-06-04 07:56:32.374818
605,270,448,1,False,67,2025-06-04 07:56:34.452116
608,270,448,2,True,68,2025-06-04 07:56:35.139263
506,270,450,2,False,31,2025-06-04 07:55:58.777688
507,270,450,3,False,32,2025-06-04 07:55:59.878644
508,270,450,1,False,33,2025-06-04 07:56:00.521490
509,270,450,4,True,34,2025-06-04 07:56:01.376660
471,270,451,3,True,13,2025-06-04 07:55:40.955618
626,270,452,1,False,76,2025-06-04 07:56:43.365531
627,270,452,4,False,77,2025-06-04 07:56:44.337322
629,270,452,2,False,77,2025-06-04 07:56:44.853054
633,270,452,3,True,78,2025-06-04 07:56:45.481742
602,271,427,3,True,65,2025-06-04 07:56:33.161138
467,271,431,1,True,10,2025-06-04 07:55:38.172912
473,271,442,2,True,14,2025-06-04 07:55:42.037984
462,271,445,3,True,6,2025-06-04 07:55:33.825988
475,271,446,2,True,18,2025-06-04 07:55:45.618828
615,271,447,3,True,69,2025-06-04 07:56:36.811888
525,271,448,4,False,39,2025-06-04 07:56:07.197473
534,271,448,1,False,41,2025-06-04 07:56:09.103959
545,271,448,2,True,44,2025-06-04 07:56:12.271953
484,271,451,3,True,23,2025-06-04 07:55:50.528294
493,271,452,2,False,26,2025-06-04 07:55:54.137105
502,271,452,4,False,30,2025-06-04 07:55:57.612073
511,271,452,3,True,35,2025-06-04 07:56:03.377371
567,271,453,3,True,51,2025-06-04 07:56:18.793248
588,272,422,3,True,57,2025-06-04 07:56:25.038946
518,272,427,3,True,37,2025-06-04 07:56:05.199957
553,272,428,4,False,47,2025-06-04 07:56:14.994829
573,272,428,2,True,53,2025-06-04 07:56:20.994233
541,272,433,1,True,42,2025-06-04 07:56:10.615521
619,272,440,2,True,71,2025-06-04 07:56:39.350066
611,272,445,3,True,68,2025-06-04 07:56:35.907910
504,272,446,2,True,30,2025-06-04 07:55:58.160064
479,272,447,3,True,20,2025-06-04 07:55:47.772351
592,272,448,1,False,62,2025-06-04 07:56:30.490412
595,272,448,2,True,63,2025-06-04 07:56:31.289625
487,272,449,2,False,23,2025-06-04 07:55:51.439133
488,272,449,4,True,24,2025-06-04 07:55:52.208531
753,273,422,3,True,126,2025-06-04 07:57:34.894525
657,273,424,3,True,85,2025-06-04 07:56:53.627117
711,273,428,4,False,107,2025-06-04 07:57:15.954590
718,273,428,3,False,110,2025-06-04 07:57:18.537755
727,273,428,2,True,116,2025-06-04 07:57:24.641691
624,273,433,3,False,72,2025-06-04 07:56:41.027854
632,273,433,4,False,76,2025-06-04 07:56:45.253687
639,273,433,1,True,78,2025-06-04 07:56:47.071654
575,273,440,1,False,52,2025-06-04 07:56:21.325029
577,273,440,4,False,53,2025-06-04 07:56:22.231558
582,273,440,3,False,54,2025-06-04 07:56:23.288922
585,273,440,2,True,55,2025-06-04 07:56:24.027500
687,273,443,2,False,97,2025-06-04 07:57:06.010344
696,273,443,3,False,99,2025-06-04 07:57:08.211960
702,273,443,4,True,101,2025-06-04 07:57:09.990999
781,273,445,3,True,139,2025-06-04 07:57:48.386582
681,273,447,3,True,94,2025-06-04 07:57:02.679843
607,273,449,4,True,66,2025-06-04 07:56:35.034168
512,273,450,3,False,35,2025-06-04 07:56:03.566959
519,273,450,2,False,36,2025-06-04 07:56:05.203182
521,273,450,4,True,38,2025-06-04 07:56:06.551122
559,274,424,3,True,46,2025-06-04 07:56:16.570949
574,274,426,3,True,51,2025-06-04 07:56:21.059926
528,274,427,4,False,37,2025-06-04 07:56:07.633852
539,274,427,2,False,40,2025-06-04 07:56:09.866964
542,274,427,3,True,41,2025-06-04 07:56:10.945975
472,274,428,2,True,11,2025-06-04 07:55:41.105016
591,274,433,1,True,59,2025-06-04 07:56:29.302356
477,274,442,2,True,16,2025-06-04 07:55:45.938194
613,274,443,4,True,66,2025-06-04 07:56:36.125917
496,274,446,2,True,24,2025-06-04 07:55:54.566156
644,274,447,3,True,78,2025-06-04 07:56:48.448013
510,274,449,4,True,32,2025-06-04 07:56:01.824508
790,275,424,3,True,140,2025-06-04 07:57:51.164941
699,275,426,3,True,98,2025-06-04 07:57:09.280113
640,275,427,3,True,76,2025-06-04 07:56:47.316527
763,275,428,2,True,128,2025-06-04 07:57:39.280890
812,275,433,1,True,153,2025-06-04 07:58:03.865964
673,275,443,4,True,89,2025-06-04 07:56:59.500537
719,275,447,3,True,109,2025-06-04 07:57:20.000199
576,275,450,2,False,51,2025-06-04 07:56:22.230276
601,275,450,4,True,62,2025-06-04 07:56:32.702908
828,275,452,3,True,161,2025-06-04 07:58:12.147805
853,275,453,3,True,173,2025-06-04 07:58:24.446055
688,276,358,2,False,30,2025-06-04 07:57:06.490566
690,276,358,4,False,30,2025-06-04 07:57:07.174852
693,276,358,1,False,31,2025-06-04 07:57:07.969020
697,276,358,3,True,32,2025-06-04 07:57:08.548850
714,276,406,2,True,40,2025-06-04 07:57:17.277967
655,276,414,2,True,15,2025-06-04 07:56:51.937030
628,276,418,2,True,8,2025-06-04 07:56:44.455081
712,276,419,2,True,39,2025-06-04 07:57:16.286086
706,276,424,2,False,36,2025-06-04 07:57:12.836472
708,276,424,1,False,37,2025-06-04 07:57:13.900272
709,276,424,4,False,38,2025-06-04 07:57:14.665186
710,276,424,3,True,38,2025-06-04 07:57:15.137457
649,276,442,2,True,12,2025-06-04 07:56:49.562632
650,276,442,1,False,12,2025-06-04 07:56:49.591966
677,276,447,2,False,25,2025-06-04 07:57:01.360360
680,276,447,1,False,25,2025-06-04 07:57:02.216479
682,276,447,4,False,26,2025-06-04 07:57:02.856388
683,276,447,3,True,27,2025-06-04 07:57:03.490799
663,276,449,4,True,19,2025-06-04 07:56:56.477813
625,276,451,3,True,5,2025-06-04 07:56:41.571084
716,277,372,1,True,37,2025-06-04 07:57:17.497198
631,277,397,2,False,5,2025-06-04 07:56:45.167406
636,277,397,4,True,6,2025-06-04 07:56:46.416921
654,277,416,1,False,11,2025-06-04 07:56:51.748359
656,277,416,3,True,12,2025-06-04 07:56:52.759786
659,277,423,3,False,14,2025-06-04 07:56:54.922307
674,277,423,1,True,20,2025-06-04 07:57:00.282867
735,277,430,1,True,45,2025-06-04 07:57:26.029577
739,277,443,4,True,49,2025-06-04 07:57:29.130534
750,277,444,4,True,53,2025-06-04 07:57:33.514183
707,277,448,2,True,33,2025-06-04 07:57:13.689682
700,277,450,4,True,29,2025-06-04 07:57:09.447890
685,277,452,3,True,24,2025-06-04 07:57:04.210527
698,278,358,4,False,18,2025-06-04 07:57:09.157427
701,278,358,3,True,19,2025-06-04 07:57:09.634994
676,278,379,3,False,11,2025-06-04 07:57:01.165127
679,278,379,2,True,11,2025-06-04 07:57:01.702177
665,278,385,3,True,6,2025-06-04 07:56:57.051750
785,278,391,2,True,58,2025-06-04 07:57:49.097053
792,278,419,2,True,61,2025-06-04 07:57:51.546433
738,278,424,2,False,36,2025-06-04 07:57:26.519076
751,278,424,1,False,44,2025-06-04 07:57:34.417904
754,278,424,3,True,44,2025-06-04 07:57:34.969394
721,278,427,3,True,32,2025-06-04 07:57:22.214239
705,278,442,2,True,22,2025-06-04 07:57:12.561774
904,278,446,3,False,116,2025-06-04 07:58:47.169982
920,278,446,1,False,122,2025-06-04 07:58:52.510655
922,278,446,4,False,123,2025-06-04 07:58:53.350158
928,278,446,2,True,125,2025-06-04 07:58:55.636792
800,278,451,3,True,66,2025-06-04 07:57:57.161648
760,279,372,1,True,20,2025-06-04 07:57:37.297985
736,279,397,1,False,9,2025-06-04 07:57:26.097716
748,279,397,4,True,16,2025-06-04 07:57:32.836521
720,279,413,1,True,5,2025-06-04 07:57:22.201938
777,279,416,2,False,30,2025-06-04 07:57:47.271003
780,279,416,1,False,31,2025-06-04 07:57:48.342568
788,279,416,3,True,33,2025-06-04 07:57:50.026681
829,279,417,3,True,55,2025-06-04 07:58:12.518588
808,279,440,2,True,44,2025-06-04 07:58:01.201112
825,279,443,4,True,52,2025-06-04 07:58:09.258577
815,279,448,2,True,48,2025-06-04 07:58:05.164778
797,279,450,4,True,39,2025-06-04 07:57:56.329083
768,279,459,3,True,25,2025-06-04 07:57:41.921754
923,280,358,3,True,96,2025-06-04 07:58:53.664936
895,280,387,2,False,87,2025-06-04 07:58:44.869487
899,280,387,3,True,88,2025-06-04 07:58:45.735552
937,280,423,1,True,101,2025-06-04 07:58:58.946375
756,280,428,2,True,18,2025-06-04 07:57:35.641348
819,280,430,1,True,48,2025-06-04 07:58:06.333602
722,280,443,4,True,4,2025-06-04 07:57:22.215768
795,280,450,4,True,37,2025-06-04 07:57:54.866800
839,280,452,4,False,59,2025-06-04 07:58:17.244058
885,280,452,1,False,81,2025-06-04 07:58:38.672610
886,280,452,3,True,82,2025-06-04 07:58:39.745835
772,280,459,3,True,26,2025-06-04 07:57:43.879987
744,280,461,3,True,13,2025-06-04 07:57:31.038705
776,281,372,3,False,29,2025-06-04 07:57:47.093178
787,281,372,1,True,32,2025-06-04 07:57:49.914591
890,281,387,3,True,85,2025-06-04 07:58:42.772526
912,281,397,4,True,93,2025-06-04 07:58:50.552222
758,281,402,4,True,19,2025-06-04 07:57:36.947880
872,281,416,1,False,75,2025-06-04 07:58:33.018752
882,281,416,3,True,80,2025-06-04 07:58:37.422918
929,281,423,1,True,98,2025-06-04 07:58:55.721731
730,281,428,4,False,7,2025-06-04 07:57:25.348154
746,281,428,2,True,14,2025-06-04 07:57:32.351927
801,281,440,4,False,40,2025-06-04 07:57:58.146423
811,281,440,2,True,44,2025-06-04 07:58:02.324023
770,281,452,3,True,24,2025-06-04 07:57:42.547789
858,281,459,3,True,67,2025-06-04 07:58:26.019833
822,282,358,3,True,50,2025-06-04 07:58:08.395712
779,282,455,3,True,29,2025-06-04 07:57:48.040827
806,282,456,3,True,42,2025-06-04 07:58:00.643924
946,282,457,4,False,109,2025-06-04 07:59:07.514895
1000,282,457,2,False,130,2025-06-04 07:59:29.049647
1006,282,457,1,False,132,2025-06-04 07:59:31.199995
1008,282,457,3,True,133,2025-06-04 07:59:32.163194
1021,282,460,3,True,140,2025-06-04 07:59:38.524436
880,282,464,4,True,78,2025-06-04 07:58:36.870415
910,282,466,4,True,91,2025-06-04 07:58:49.941337
827,282,468,3,False,52,2025-06-04 07:58:10.356502
851,282,468,2,True,64,2025-06-04 07:58:22.690437
762,282,470,1,True,20,2025-06-04 07:57:38.767312
740,282,472,1,True,10,2025-06-04 07:57:29.194952
773,283,358,3,True,24,2025-06-04 07:57:44.456536
789,283,372,1,True,31,2025-06-04 07:57:50.808254
807,283,397,2,False,41,2025-06-04 07:58:00.896831
809,283,397,4,True,42,2025-06-04 07:58:01.581101
726,283,402,4,True,4,2025-06-04 07:57:24.374045
870,283,413,2,False,72,2025-06-04 07:58:31.850545
871,283,413,1,True,73,2025-06-04 07:58:32.850457
887,283,417,4,False,81,2025-06-04 07:58:41.159732
889,283,417,3,True,82,2025-06-04 07:58:42.054957
884,283,423,1,True,78,2025-06-04 07:58:38.268752
902,283,432,4,False,86,2025-06-04 07:58:46.094956
906,283,432,1,False,88,2025-06-04 07:58:48.047482
909,283,432,3,False,90,2025-06-04 07:58:49.660024
915,283,432,2,True,91,2025-06-04 07:58:51.070339
759,283,444,4,True,17,2025-06-04 07:57:37.218695
864,283,450,4,True,69,2025-06-04 07:58:29.039082
724,284,366,2,False,3,2025-06-04 07:57:23.497294
725,284,366,1,False,4,2025-06-04 07:57:24.086140
728,284,366,3,False,5,2025-06-04 07:57:24.916943
733,284,366,4,True,6,2025-06-04 07:57:25.716347
798,284,382,2,True,36,2025-06-04 07:57:56.796970
767,284,384,2,False,20,2025-06-04 07:57:41.345568
769,284,384,3,True,22,2025-06-04 07:57:42.164919
831,284,385,4,False,53,2025-06-04 07:58:12.966062
834,284,385,3,True,54,2025-06-04 07:58:13.625857
745,284,414,2,True,12,2025-06-04 07:57:32.042563
824,284,419,2,True,49,2025-06-04 07:58:09.157029
741,284,442,2,True,10,2025-06-04 07:57:29.666703
821,284,446,2,True,47,2025-06-04 07:58:07.338603
802,284,449,4,True,39,2025-06-04 07:57:59.050681
766,284,451,3,True,16,2025-06-04 07:57:40.865378
823,285,358,3,True,27,2025-06-04 07:58:08.673680
796,285,402,4,True,14,2025-06-04 07:57:55.499392
874,285,424,3,True,52,2025-06-04 07:58:33.619945
855,285,428,2,True,44,2025-06-04 07:58:25.231751
865,285,432,2,True,48,2025-06-04 07:58:29.111178
794,285,444,4,True,11,2025-06-04 07:57:51.807849
843,285,448,2,True,37,2025-06-04 07:58:18.307101
803,285,450,4,True,18,2025-06-04 07:57:59.395322
832,285,452,3,True,32,2025-06-04 07:58:13.009114
782,285,461,3,True,7,2025-06-04 07:57:48.509405
942,286,375,2,True,77,2025-06-04 07:59:05.793456
867,286,379,2,True,42,2025-06-04 07:58:30.734961
971,286,396,3,False,91,2025-06-04 07:59:20.256913
977,286,396,4,True,93,2025-06-04 07:59:21.647295
820,286,406,2,True,19,2025-06-04 07:58:07.251599
805,286,414,2,True,12,2025-06-04 07:58:00.301825
814,286,418,2,True,15,2025-06-04 07:58:04.013872
917,286,426,1,False,63,2025-06-04 07:58:51.824887
921,286,426,4,False,65,2025-06-04 07:58:53.304861
932,286,426,2,False,67,2025-06-04 07:58:56.026834
935,286,426,3,True,69,2025-06-04 07:58:57.641197
877,286,442,2,True,46,2025-06-04 07:58:34.651723
846,286,446,2,True,31,2025-06-04 07:58:19.594263
799,286,447,3,True,8,2025-06-04 07:57:57.024421
894,287,365,4,False,50,2025-06-04 07:58:44.649186
897,287,365,2,True,51,2025-06-04 07:58:45.321007
953,287,375,2,True,78,2025-06-04 07:59:13.221776
818,287,382,2,True,11,2025-06-04 07:58:05.750614
981,287,395,3,True,88,2025-06-04 07:59:22.561545
835,287,396,4,True,19,2025-06-04 07:58:13.740208
840,287,399,3,True,23,2025-06-04 07:58:17.826152
908,287,407,3,True,55,2025-06-04 07:58:49.463462
804,287,421,3,True,5,2025-06-04 07:57:59.711559
961,287,435,2,True,83,2025-06-04 07:59:18.019836
868,287,441,2,False,36,2025-06-04 07:58:30.960018
875,287,441,1,False,40,2025-06-04 07:58:34.474826
881,287,441,3,True,43,2025-06-04 07:58:37.255749
939,288,402,4,True,64,2025-06-04 07:59:00.425524
850,288,423,1,True,26,2025-06-04 07:58:22.456241
860,288,431,1,True,31,2025-06-04 07:58:27.494318
893,288,443,4,True,48,2025-06-04 07:58:44.603867
924,288,450,3,False,57,2025-06-04 07:58:53.928708
925,288,450,4,True,58,2025-06-04 07:58:54.252914
926,288,450,2,False,58,2025-06-04 07:58:54.860804
1011,288,452,3,True,97,2025-06-04 07:59:33.463839
817,288,454,4,False,8,2025-06-04 07:58:05.683681
842,288,454,3,True,22,2025-06-04 07:58:18.200009
844,288,454,1,False,22,2025-06-04 07:58:18.712567
972,288,457,4,False,83,2025-06-04 07:59:20.668513
973,288,457,3,True,84,2025-06-04 07:59:20.690771
951,288,458,4,True,74,2025-06-04 07:59:10.436021
888,288,460,3,True,45,2025-06-04 07:58:41.161189
1003,289,387,3,True,92,2025-06-04 07:59:29.869289
1051,289,397,4,True,112,2025-06-04 07:59:49.614103
984,289,416,1,False,86,2025-06-04 07:59:23.874323
988,289,416,2,False,87,2025-06-04 07:59:24.767227
992,289,416,3,True,88,2025-06-04 07:59:25.640129
826,289,428,2,True,12,2025-06-04 07:58:09.884373
847,289,430,1,True,22,2025-06-04 07:58:20.140731
852,289,431,1,True,26,2025-06-04 07:58:23.795865
816,289,452,3,True,7,2025-06-04 07:58:05.205861
911,289,456,3,True,53,2025-06-04 07:58:50.501993
1044,289,457,3,True,108,2025-06-04 07:59:46.239050
857,289,461,1,False,28,2025-06-04 07:58:25.599514
879,289,461,3,True,39,2025-06-04 07:58:36.249992
833,290,372,1,True,10,2025-06-04 07:58:13.071428
1039,290,387,3,True,102,2025-06-04 07:59:44.742675
1029,290,397,4,True,98,2025-06-04 07:59:40.475093
976,290,416,3,True,78,2025-06-04 07:59:21.264079
845,290,431,4,False,16,2025-06-04 07:58:18.958443
849,290,431,1,True,19,2025-06-04 07:58:22.280234
878,290,443,4,True,32,2025-06-04 07:58:35.460330
943,290,452,1,False,64,2025-06-04 07:59:06.837846
950,290,452,3,True,67,2025-06-04 07:59:09.385058
1065,290,454,4,False,113,2025-06-04 07:59:56.217595
1072,290,454,2,False,115,2025-06-04 07:59:57.438981
1077,290,454,1,False,116,2025-06-04 07:59:58.535641
1079,290,454,3,True,116,2025-06-04 07:59:59.355852
1016,290,457,3,True,94,2025-06-04 07:59:36.752941
866,290,460,3,True,27,2025-06-04 07:58:30.154504
944,291,395,3,True,50,2025-06-04 07:59:06.962686
876,291,396,4,True,18,2025-06-04 07:58:34.486322
914,291,399,2,False,34,2025-06-04 07:58:50.898147
916,291,399,1,False,34,2025-06-04 07:58:51.274526
918,291,399,3,True,35,2025-06-04 07:58:51.923822
856,291,421,1,False,8,2025-06-04 07:58:25.253855
859,291,421,4,False,10,2025-06-04 07:58:26.548478
861,291,421,2,False,11,2025-06-04 07:58:27.559644
863,291,421,3,True,12,2025-06-04 07:58:28.927521
903,291,433,2,False,30,2025-06-04 07:58:46.825003
905,291,433,3,False,31,2025-06-04 07:58:47.532099
907,291,433,1,True,31,2025-06-04 07:58:48.100511
869,291,435,2,True,15,2025-06-04 07:58:31.405799
848,291,440,2,True,5,2025-06-04 07:58:21.841736
896,291,455,3,True,28,2025-06-04 07:58:44.963153
952,291,459,3,True,55,2025-06-04 07:59:12.251555
985,291,472,4,False,67,2025-06-04 07:59:24.015264
987,291,472,3,False,68,2025-06-04 07:59:24.659544
990,291,472,2,False,69,2025-06-04 07:59:25.360644
994,291,472,1,True,69,2025-06-04 07:59:25.905198
1045,292,382,2,True,82,2025-06-04 07:59:46.350471
1032,292,391,2,True,78,2025-06-04 07:59:42.544474
1056,292,395,3,True,89,2025-06-04 07:59:53.323546
862,292,396,4,True,3,2025-06-04 07:58:27.737579
1068,292,399,3,True,93,2025-06-04 07:59:57.036462
1054,292,404,4,True,86,2025-06-04 07:59:50.126975
1017,292,421,3,True,73,2025-06-04 07:59:37.260708
919,292,440,4,False,28,2025-06-04 07:58:52.038253
936,292,440,2,True,34,2025-06-04 07:58:58.343552
891,292,441,2,False,20,2025-06-04 07:58:43.731245
898,292,441,3,True,21,2025-06-04 07:58:45.667569
1009,292,472,1,True,68,2025-06-04 07:59:32.352350
998,293,428,2,True,62,2025-06-04 07:59:28.220483
978,293,431,1,True,56,2025-06-04 07:59:21.744336
1033,293,432,1,False,78,2025-06-04 07:59:43.753875
1035,293,432,3,False,79,2025-06-04 07:59:43.958619
1038,293,432,2,True,79,2025-06-04 07:59:44.734357
1002,293,443,1,False,64,2025-06-04 07:59:29.662857
1005,293,443,4,True,65,2025-06-04 07:59:30.441633
873,293,448,2,True,8,2025-06-04 07:58:33.468960
883,293,452,3,True,13,2025-06-04 07:58:37.967446
938,293,457,3,True,34,2025-06-04 07:58:59.496335
963,293,461,3,True,53,2025-06-04 07:59:18.526755
940,293,463,3,True,37,2025-06-04 07:59:02.439068
901,293,468,3,False,21,2025-06-04 07:58:46.085644
913,293,468,2,True,25,2025-06-04 07:58:50.762543
892,294,387,3,True,8,2025-06-04 07:58:44.147399
1018,294,402,4,True,60,2025-06-04 07:59:37.293920
1001,294,413,1,True,53,2025-06-04 07:59:29.449561
941,294,430,1,True,28,2025-06-04 07:59:04.289844
993,294,443,4,True,50,2025-06-04 07:59:25.718732
954,294,448,2,True,38,2025-06-04 07:59:14.160505
1052,294,454,4,False,73,2025-06-04 07:59:49.725963
1236,294,454,3,True,135,2025-06-04 08:00:51.544792
1279,294,458,4,True,159,2025-06-04 08:01:15.455570
1334,294,461,3,True,178,2025-06-04 08:01:33.977146
1267,294,468,2,True,152,2025-06-04 08:01:08.892535
1024,295,382,3,False,36,2025-06-04 07:59:39.139727
1025,295,382,4,False,37,2025-06-04 07:59:39.361023
1027,295,382,1,False,38,2025-06-04 07:59:40.134150
1030,295,382,2,True,38,2025-06-04 07:59:40.846650
947,295,391,3,False,5,2025-06-04 07:59:07.612543
948,295,391,2,True,6,2025-06-04 07:59:08.790547
1004,295,419,2,True,28,2025-06-04 07:59:30.229515
995,295,423,3,False,24,2025-06-04 07:59:27.149519
996,295,423,2,False,25,2025-06-04 07:59:27.533519
997,295,423,4,False,26,2025-06-04 07:59:28.073770
999,295,423,1,True,26,2025-06-04 07:59:28.638032
955,295,435,1,False,12,2025-06-04 07:59:14.931241
956,295,435,3,False,13,2025-06-04 07:59:15.406230
957,295,435,4,False,14,2025-06-04 07:59:16.116945
959,295,435,2,True,14,2025-06-04 07:59:16.671447
1014,295,442,4,False,33,2025-06-04 07:59:35.345340
1015,295,442,1,False,34,2025-06-04 07:59:36.566797
1020,295,442,2,True,35,2025-06-04 07:59:37.447254
979,295,447,2,False,19,2025-06-04 07:59:21.952642
980,295,447,4,False,20,2025-06-04 07:59:22.533458
982,295,447,3,True,20,2025-06-04 07:59:23.049402
983,295,447,1,False,21,2025-06-04 07:59:23.646292
986,295,449,3,False,22,2025-06-04 07:59:24.370166
989,295,449,2,False,22,2025-06-04 07:59:25.161012
991,295,449,4,True,23,2025-06-04 07:59:25.562532
962,295,453,4,False,16,2025-06-04 07:59:18.055639
964,295,453,2,False,16,2025-06-04 07:59:18.750786
968,295,453,1,False,17,2025-06-04 07:59:19.647821
974,295,453,3,True,18,2025-06-04 07:59:20.966416
1010,295,459,3,True,31,2025-06-04 07:59:33.461654
1261,296,469,4,True,97,2025-06-04 08:01:03.667560
1019,296,473,1,False,9,2025-06-04 07:59:37.374950
1026,296,473,2,False,13,2025-06-04 07:59:39.548198
1031,296,473,4,True,15,2025-06-04 07:59:41.232683
1201,296,474,3,True,68,2025-06-04 08:00:34.660372
1274,296,475,2,False,105,2025-06-04 08:01:11.324058
1277,296,475,1,True,106,2025-06-04 08:01:12.750502
1101,296,476,1,True,46,2025-06-04 08:00:13.543199
1242,296,477,4,False,86,2025-06-04 08:00:53.167841
1244,296,477,3,False,88,2025-06-04 08:00:54.653210
1247,296,477,1,True,89,2025-06-04 08:00:55.622521
1060,296,482,1,False,28,2025-06-04 07:59:54.602171
1064,296,482,3,True,30,2025-06-04 07:59:56.143919
1117,296,483,4,False,51,2025-06-04 08:00:17.895040
1147,296,483,2,False,57,2025-06-04 08:00:24.308549
1152,296,483,3,True,58,2025-06-04 08:00:25.037136
1209,296,484,2,True,74,2025-06-04 08:00:40.341379
1091,296,487,3,True,38,2025-06-04 08:00:05.268193
1074,297,402,4,True,30,2025-06-04 07:59:57.860657
1090,297,433,1,True,36,2025-06-04 08:00:04.509737
1046,297,457,3,True,20,2025-06-04 07:59:47.180167
1057,298,416,1,False,25,2025-06-04 07:59:53.563805
1058,298,416,2,False,26,2025-06-04 07:59:53.851121
1062,298,416,4,False,27,2025-06-04 07:59:55.609123
1067,298,416,3,True,29,2025-06-04 07:59:56.827838
1093,298,417,3,True,39,2025-06-04 08:00:06.954948
1161,298,432,4,False,58,2025-06-04 08:00:26.792607
1164,298,432,3,False,59,2025-06-04 08:00:27.570947
1170,298,432,1,False,60,2025-06-04 08:00:28.083955
1176,298,432,2,True,60,2025-06-04 08:00:28.596556
1088,298,433,1,True,36,2025-06-04 08:00:04.465481
1272,298,441,4,False,103,2025-06-04 08:01:11.117492
1294,298,441,2,False,116,2025-06-04 08:01:23.909030
1298,298,441,3,True,117,2025-06-04 08:01:25.090765
1299,298,441,1,False,117,2025-06-04 08:01:25.271992
1253,298,444,4,True,89,2025-06-04 08:00:57.590344
1303,298,448,2,True,118,2025-06-04 08:01:26.166603
1304,298,448,3,False,118,2025-06-04 08:01:26.257962
1268,298,450,4,True,101,2025-06-04 08:01:09.606576
1310,298,457,1,False,119,2025-06-04 08:01:26.959277
1313,298,457,2,False,119,2025-06-04 08:01:27.318480
1315,298,457,4,False,120,2025-06-04 08:01:27.691724
1318,298,457,3,True,120,2025-06-04 08:01:28.099547
1047,298,461,3,True,19,2025-06-04 07:59:47.737562
1048,299,358,2,False,20,2025-06-04 07:59:48.708658
1050,299,358,4,False,20,2025-06-04 07:59:49.140721
1053,299,358,3,True,21,2025-06-04 07:59:49.831837
1055,299,375,2,True,24,2025-06-04 07:59:52.721513
1063,299,382,2,True,27,2025-06-04 07:59:56.002971
1040,299,391,4,False,16,2025-06-04 07:59:44.862673
1042,299,391,3,False,17,2025-06-04 07:59:45.622431
1043,299,391,2,True,17,2025-06-04 07:59:46.183346
1092,299,395,3,True,37,2025-06-04 08:00:06.064651
1078,299,396,3,False,30,2025-06-04 07:59:59.163300
1083,299,396,4,True,32,2025-06-04 08:00:00.544466
1087,299,407,3,True,35,2025-06-04 08:00:03.205314
1023,299,440,1,False,10,2025-06-04 07:59:38.983857
1028,299,440,2,True,12,2025-06-04 07:59:40.398725
1098,299,446,2,True,42,2025-06-04 08:00:11.242270
1012,299,459,3,True,6,2025-06-04 07:59:34.995151
1086,300,387,3,True,29,2025-06-04 08:00:01.287700
1153,300,397,4,True,53,2025-06-04 08:00:25.127158
1036,300,413,2,False,12,2025-06-04 07:59:44.235068
1049,300,413,1,True,17,2025-06-04 07:59:49.049455
1022,300,421,3,True,6,2025-06-04 07:59:38.683075
1013,300,428,2,True,3,2025-06-04 07:59:35.077911
1061,300,433,3,False,23,2025-06-04 07:59:55.484767
1076,300,433,1,True,26,2025-06-04 07:59:58.182310
1221,300,448,2,True,74,2025-06-04 08:00:46.932820
1207,300,450,4,True,67,2025-06-04 08:00:39.757371
1239,300,452,3,True,80,2025-06-04 08:00:52.193302
1131,300,457,3,True,48,2025-06-04 08:00:20.236215
1341,301,413,1,True,125,2025-06-04 08:01:39.204815
1227,301,421,3,True,75,2025-06-04 08:00:49.051365
1114,301,428,4,False,43,2025-06-04 08:00:17.325109
1126,301,428,1,False,45,2025-06-04 08:00:19.301715
1132,301,428,3,False,47,2025-06-04 08:00:21.203780
1144,301,428,2,True,49,2025-06-04 08:00:23.090213
1324,301,432,3,False,116,2025-06-04 08:01:30.326535
1330,301,432,1,False,118,2025-06-04 08:01:31.689185
1337,301,432,2,True,121,2025-06-04 08:01:34.807971
1288,301,433,3,False,106,2025-06-04 08:01:20.532484
1289,301,433,4,False,107,2025-06-04 08:01:21.503153
1292,301,433,2,False,109,2025-06-04 08:01:23.289656
1295,301,433,1,True,110,2025-06-04 08:01:24.404483
1204,301,443,4,True,64,2025-06-04 08:00:38.627535
1269,301,444,4,True,96,2025-06-04 08:01:10.027202
1215,301,450,2,False,69,2025-06-04 08:00:43.559608
1218,301,450,4,True,70,2025-06-04 08:00:44.471102
1095,301,452,1,False,34,2025-06-04 08:00:07.903060
1096,301,452,3,True,35,2025-06-04 08:00:08.766867
1250,301,457,3,True,82,2025-06-04 08:00:56.290091
1199,302,387,3,True,57,2025-06-04 08:00:34.185333
1186,302,397,4,True,53,2025-06-04 08:00:29.786943
1257,302,417,3,True,84,2025-06-04 08:01:00.701287
1252,302,421,3,True,80,2025-06-04 08:00:57.103916
1034,302,432,3,False,7,2025-06-04 07:59:43.839137
1037,302,432,2,True,7,2025-06-04 07:59:44.461961
1214,302,433,1,True,66,2025-06-04 08:00:42.851998
1237,302,441,3,True,75,2025-06-04 08:00:51.758120
1099,302,443,4,True,34,2025-06-04 08:00:11.321263
1094,302,448,2,True,30,2025-06-04 08:00:07.250340
1066,302,457,4,False,19,2025-06-04 07:59:56.281009
1070,302,457,3,True,20,2025-06-04 07:59:57.179142
1256,303,387,3,True,80,2025-06-04 08:00:59.932041
1172,303,413,1,True,48,2025-06-04 08:00:28.199173
1280,303,433,3,False,96,2025-06-04 08:01:15.498194
1284,303,433,4,False,98,2025-06-04 08:01:17.653980
1286,303,433,1,True,99,2025-06-04 08:01:19.308623
1142,303,443,4,True,43,2025-06-04 08:00:22.986469
1097,303,448,2,True,30,2025-06-04 08:00:10.171902
1265,303,452,3,True,86,2025-06-04 08:01:06.360678
1075,303,454,4,False,18,2025-06-04 07:59:58.123968
1085,303,454,3,True,20,2025-06-04 08:00:00.568020
1342,303,457,1,False,119,2025-06-04 08:01:39.440146
1360,303,457,3,True,131,2025-06-04 08:01:51.032378
1245,303,467,2,True,75,2025-06-04 08:00:54.745733
1106,303,468,2,True,36,2025-06-04 08:00:16.164763
1059,304,454,4,False,6,2025-06-04 07:59:54.566554
1084,304,454,3,True,12,2025-06-04 08:00:00.549782
1137,305,382,2,True,33,2025-06-04 08:00:21.898073
1082,305,385,3,True,11,2025-06-04 08:00:00.070384
1262,305,391,2,True,75,2025-06-04 08:01:04.382186
1150,305,418,2,True,36,2025-06-04 08:00:24.877144
1089,305,419,2,True,14,2025-06-04 08:00:04.500542
1232,305,442,2,True,61,2025-06-04 08:00:49.874305
1100,305,447,3,True,22,2025-06-04 08:00:11.603587
1071,305,449,4,True,8,2025-06-04 07:59:57.425199
1121,305,451,3,True,29,2025-06-04 08:00:18.277988
1248,305,459,3,True,67,2025-06-04 08:00:56.227400
1202,306,387,4,False,44,2025-06-04 08:00:37.438041
1205,306,387,3,True,46,2025-06-04 08:00:39.358480
1333,306,397,4,True,100,2025-06-04 08:01:33.370796
1197,306,416,3,True,41,2025-06-04 08:00:33.899228
1229,306,417,3,True,56,2025-06-04 08:00:49.461599
1219,306,428,2,True,52,2025-06-04 08:00:45.663612
1104,306,432,4,False,23,2025-06-04 08:00:15.898548
1162,306,432,3,False,34,2025-06-04 08:00:27.040635
1167,306,432,1,False,35,2025-06-04 08:00:27.680923
1179,306,432,2,True,36,2025-06-04 08:00:28.966314
1080,306,450,4,True,6,2025-06-04 07:59:59.579384
1290,306,454,4,False,88,2025-06-04 08:01:21.875410
1293,306,454,3,True,90,2025-06-04 08:01:23.583106
1259,306,468,2,True,67,2025-06-04 08:01:02.204863
1326,306,473,4,True,98,2025-06-04 08:01:30.796374
1158,307,397,4,True,23,2025-06-04 08:00:25.989498
1110,307,432,1,False,13,2025-06-04 08:00:17.050243
1111,307,432,3,False,14,2025-06-04 08:00:17.071437
1115,307,432,4,False,15,2025-06-04 08:00:17.487622
1116,307,432,2,True,15,2025-06-04 08:00:17.728669
1246,307,443,4,True,53,2025-06-04 08:00:55.538507
1240,307,448,2,True,50,2025-06-04 08:00:52.566440
1612,307,452,3,True,158,2025-06-04 08:02:40.105001
1338,307,457,3,True,96,2025-06-04 08:01:38.314160
1271,307,461,3,True,68,2025-06-04 08:01:10.653430
1258,307,465,1,True,58,2025-06-04 08:01:01.943520
1347,307,468,1,False,102,2025-06-04 08:01:44.685963
1474,307,468,4,False,129,2025-06-04 08:02:12.008154
1480,307,468,2,True,130,2025-06-04 08:02:12.809544
1517,307,482,3,True,136,2025-06-04 08:02:18.320960
1127,308,397,4,True,13,2025-06-04 08:00:19.774148
1226,308,454,4,False,42,2025-06-04 08:00:49.037412
1241,308,454,3,True,47,2025-06-04 08:00:52.851160
1184,308,461,3,True,23,2025-06-04 08:00:29.578975
1102,308,467,2,True,8,2025-06-04 08:00:14.652694
1339,309,432,2,True,92,2025-06-04 08:01:39.004030
1322,309,441,2,False,83,2025-06-04 08:01:29.799662
1325,309,441,1,False,84,2025-06-04 08:01:30.692863
1329,309,441,3,True,85,2025-06-04 08:01:31.598177
1536,309,444,2,False,135,2025-06-04 08:02:22.460687
1537,309,444,1,False,136,2025-06-04 08:02:22.657112
1541,309,444,3,False,136,2025-06-04 08:02:23.580370
1542,309,444,4,True,137,2025-06-04 08:02:23.945409
1419,309,450,3,False,117,2025-06-04 08:02:04.092141
1425,309,450,1,False,118,2025-06-04 08:02:04.830860
1505,309,450,2,False,128,2025-06-04 08:02:14.960945
1511,309,450,4,True,129,2025-06-04 08:02:15.732217
1238,309,452,3,True,45,2025-06-04 08:00:52.049729
1520,309,454,1,False,132,2025-06-04 08:02:19.089358
1521,309,454,2,False,132,2025-06-04 08:02:19.242845
1523,309,454,4,False,133,2025-06-04 08:02:19.678855
1527,309,454,3,True,133,2025-06-04 08:02:20.137252
1157,309,461,2,False,19,2025-06-04 08:00:25.882445
1166,309,461,3,True,21,2025-06-04 08:00:27.661021
1278,309,468,1,False,67,2025-06-04 08:01:14.265176
1282,309,468,2,True,69,2025-06-04 08:01:15.616853
1346,309,473,4,True,96,2025-06-04 08:01:43.241834
1364,309,482,1,False,105,2025-06-04 08:01:52.319106
1366,309,482,2,False,106,2025-06-04 08:01:53.336603
1367,309,482,4,False,107,2025-06-04 08:01:54.209639
1380,309,482,3,True,111,2025-06-04 08:01:57.747903
1118,310,361,4,False,4,2025-06-04 08:00:17.971771
1120,310,361,3,False,4,2025-06-04 08:00:18.231561
1122,310,361,2,False,4,2025-06-04 08:00:18.394815
1128,310,361,1,True,6,2025-06-04 08:00:19.786286
1133,310,369,1,True,7,2025-06-04 08:00:21.252829
1192,310,374,2,True,17,2025-06-04 08:00:31.113495
1193,310,374,4,False,17,2025-06-04 08:00:31.354408
1154,310,388,4,False,11,2025-06-04 08:00:25.215550
1155,310,388,3,False,11,2025-06-04 08:00:25.532015
1156,310,388,1,False,12,2025-06-04 08:00:25.845605
1159,310,388,2,True,12,2025-06-04 08:00:26.154686
1148,310,399,3,True,10,2025-06-04 08:00:24.396651
1151,310,399,2,False,11,2025-06-04 08:00:24.900636
1136,310,400,1,False,8,2025-06-04 08:00:21.723793
1141,310,400,4,False,8,2025-06-04 08:00:22.365541
1143,310,400,2,False,9,2025-06-04 08:00:23.042125
1145,310,400,3,True,9,2025-06-04 08:00:23.332048
1195,310,421,4,False,18,2025-06-04 08:00:31.954683
1196,310,421,3,True,20,2025-06-04 08:00:33.831377
1200,310,421,1,False,20,2025-06-04 08:00:34.596407
1180,310,439,3,False,15,2025-06-04 08:00:29.027524
1185,310,439,4,False,15,2025-06-04 08:00:29.596969
1188,310,439,2,True,16,2025-06-04 08:00:30.131595
1189,310,439,1,False,16,2025-06-04 08:00:30.427115
1163,310,476,4,False,13,2025-06-04 08:00:27.404871
1165,310,476,2,False,13,2025-06-04 08:00:27.616108
1171,310,476,1,True,14,2025-06-04 08:00:28.101422
1103,310,487,2,False,1,2025-06-04 08:00:15.577576
1105,310,487,1,False,2,2025-06-04 08:00:16.090925
1107,310,487,4,False,2,2025-06-04 08:00:16.305916
1113,310,487,3,True,3,2025-06-04 08:00:17.154889
1216,311,397,4,True,25,2025-06-04 08:00:43.577950
1208,311,413,1,True,21,2025-06-04 08:00:40.220481
1230,311,417,3,True,31,2025-06-04 08:00:49.522354
1149,311,432,2,True,6,2025-06-04 08:00:24.586218
1260,311,444,4,True,43,2025-06-04 08:01:02.406894
1138,311,452,3,True,3,2025-06-04 08:00:21.917894
1191,311,457,3,True,12,2025-06-04 08:00:30.940918
1254,311,468,2,True,39,2025-06-04 08:00:59.040187
1220,311,473,4,True,28,2025-06-04 08:00:46.784420
1203,311,487,3,True,18,2025-06-04 08:00:37.929520
1264,312,361,1,True,98,2025-06-04 08:01:05.365879
1275,312,413,1,True,104,2025-06-04 08:01:11.458563
1281,312,417,3,True,108,2025-06-04 08:01:15.573973
1233,312,432,3,False,82,2025-06-04 08:00:49.956251
1249,312,432,2,True,89,2025-06-04 08:00:56.253006
1206,312,450,3,False,72,2025-06-04 08:00:39.360909
1210,312,450,1,False,74,2025-06-04 08:00:41.484803
1213,312,450,4,True,75,2025-06-04 08:00:42.500038
1323,312,468,1,False,123,2025-06-04 08:01:30.289063
1328,312,468,3,False,124,2025-06-04 08:01:30.988073
1331,312,468,2,True,126,2025-06-04 08:01:32.983140
1223,312,483,4,False,80,2025-06-04 08:00:47.289337
1225,312,483,3,True,81,2025-06-04 08:00:48.312455
1228,312,483,1,False,81,2025-06-04 08:00:49.081630
1222,313,375,2,True,9,2025-06-04 08:00:47.195104
1231,313,385,2,False,11,2025-06-04 08:00:49.708640
1234,313,385,1,False,12,2025-06-04 08:00:50.719945
1235,313,385,3,True,13,2025-06-04 08:00:51.428401
1243,313,406,2,True,15,2025-06-04 08:00:53.606944
1285,313,414,2,True,39,2025-06-04 08:01:17.850526
1217,313,419,2,True,6,2025-06-04 08:00:44.069863
1287,313,442,2,True,41,2025-06-04 08:01:19.790028
1283,313,445,3,True,37,2025-06-04 08:01:15.693328
1263,313,446,2,True,26,2025-06-04 08:01:04.513391
1255,313,447,3,True,21,2025-06-04 08:00:59.645695
1212,313,451,3,True,3,2025-06-04 08:00:41.835345
1270,314,388,2,True,9,2025-06-04 08:01:10.172871
1276,314,400,3,True,11,2025-06-04 08:01:12.746050
1386,314,432,2,True,57,2025-06-04 08:01:58.290458
1545,314,441,2,False,85,2025-06-04 08:02:26.143169
1575,314,441,1,False,90,2025-06-04 08:02:31.506968
1578,314,441,3,True,91,2025-06-04 08:02:32.156008
1427,314,450,4,True,64,2025-06-04 08:02:05.053843
1291,314,461,3,True,21,2025-06-04 08:01:22.561846
1266,314,473,4,True,6,2025-06-04 08:01:07.186630
1327,314,477,1,True,29,2025-06-04 08:01:30.887230
1410,315,388,2,True,57,2025-06-04 08:02:02.332270
1569,315,413,1,True,85,2025-06-04 08:02:30.290363
1297,315,428,3,False,20,2025-06-04 08:01:25.014800
1302,315,428,4,False,21,2025-06-04 08:01:25.991477
1306,315,428,2,True,21,2025-06-04 08:01:26.564926
1309,315,428,1,False,22,2025-06-04 08:01:26.851939
1351,315,432,4,False,43,2025-06-04 08:01:48.014059
1353,315,432,2,True,44,2025-06-04 08:01:48.697427
1373,315,439,3,False,50,2025-06-04 08:01:55.323751
1376,315,439,4,False,51,2025-06-04 08:01:56.364515
1378,315,439,2,True,52,2025-06-04 08:01:57.130279
1340,315,452,3,True,34,2025-06-04 08:01:39.004704
1633,315,454,4,False,102,2025-06-04 08:02:46.768175
1637,315,454,2,False,103,2025-06-04 08:02:48.224008
1644,315,454,3,True,104,2025-06-04 08:02:49.240897
1647,315,454,1,False,105,2025-06-04 08:02:49.702869
1336,315,473,4,True,29,2025-06-04 08:01:34.420276
1273,315,482,3,True,6,2025-06-04 08:01:11.256492
1550,315,483,3,True,82,2025-06-04 08:02:27.232104
1348,316,360,1,True,27,2025-06-04 08:01:45.765599
1601,316,364,2,True,80,2025-06-04 08:02:38.022201
1301,316,366,2,False,7,2025-06-04 08:01:25.808441
1312,316,366,1,False,9,2025-06-04 08:01:27.169190
1317,316,366,3,False,10,2025-06-04 08:01:28.003996
1321,316,366,4,True,10,2025-06-04 08:01:28.807139
1568,316,370,2,False,72,2025-06-04 08:02:30.039702
1576,316,370,4,False,73,2025-06-04 08:02:31.584102
1579,316,370,3,False,74,2025-06-04 08:02:32.782041
1584,316,370,1,True,76,2025-06-04 08:02:33.955709
1463,316,372,1,True,52,2025-06-04 08:02:10.708291
1488,316,410,3,True,55,2025-06-04 08:02:13.547838
1526,316,424,1,False,61,2025-06-04 08:02:20.033629
1530,316,424,3,True,63,2025-06-04 08:02:21.191168
1335,316,425,4,True,16,2025-06-04 08:01:34.320241
1358,316,426,3,True,32,2025-06-04 08:01:50.930842
1379,316,431,2,False,39,2025-06-04 08:01:57.133099
1385,316,431,1,True,40,2025-06-04 08:01:58.228785
1513,317,361,1,True,54,2025-06-04 08:02:16.304446
1504,317,388,4,False,53,2025-06-04 08:02:14.917363
1507,317,388,2,True,53,2025-06-04 08:02:15.244114
1458,317,400,2,False,48,2025-06-04 08:02:09.936409
1469,317,400,3,True,49,2025-06-04 08:02:11.382259
1370,317,428,2,True,33,2025-06-04 08:01:54.763747
1396,317,450,1,False,38,2025-06-04 08:01:59.920132
1404,317,450,2,False,40,2025-06-04 08:02:01.458099
1436,317,450,3,False,44,2025-06-04 08:02:06.344200
1447,317,450,4,True,46,2025-06-04 08:02:07.812675
1477,317,454,3,True,51,2025-06-04 08:02:12.532931
1489,317,461,1,False,52,2025-06-04 08:02:13.666263
1494,317,461,3,True,52,2025-06-04 08:02:13.989880
1352,317,473,3,False,27,2025-06-04 08:01:48.491523
1354,317,473,2,False,28,2025-06-04 08:01:49.450300
1357,317,473,4,True,29,2025-06-04 08:01:50.476782
1332,317,483,4,False,11,2025-06-04 08:01:33.110765
1350,317,483,3,True,25,2025-06-04 08:01:47.080483
1383,317,487,4,False,36,2025-06-04 08:01:58.128077
1391,317,487,3,True,37,2025-06-04 08:01:58.944456
1424,318,379,1,False,41,2025-06-04 08:02:04.810400
1431,318,379,2,True,42,2025-06-04 08:02:05.438033
1305,318,385,3,True,3,2025-06-04 08:01:26.496396
1401,318,399,2,False,37,2025-06-04 08:02:01.060919
1405,318,399,1,False,38,2025-06-04 08:02:01.663084
1408,318,399,4,False,39,2025-06-04 08:02:02.318638
1413,318,399,3,True,39,2025-06-04 08:02:02.995290
1449,318,407,3,True,45,2025-06-04 08:02:08.274299
1363,318,417,3,True,28,2025-06-04 08:01:51.861766
1382,318,421,3,True,34,2025-06-04 08:01:58.101584
1368,318,440,4,False,31,2025-06-04 08:01:54.255786
1372,318,440,2,True,31,2025-06-04 08:01:55.126430
1461,318,444,2,False,47,2025-06-04 08:02:10.173833
1465,318,444,4,True,47,2025-06-04 08:02:10.824585
1470,318,444,3,False,48,2025-06-04 08:02:11.396224
1355,318,455,3,True,26,2025-06-04 08:01:49.454076
1344,318,456,2,False,18,2025-06-04 08:01:41.303348
1345,318,456,3,True,19,2025-06-04 08:01:42.513694
1359,319,369,4,False,20,2025-06-04 08:01:50.931874
1361,319,369,2,False,21,2025-06-04 08:01:51.555986
1371,319,369,1,True,24,2025-06-04 08:01:54.954161
1437,319,379,2,True,36,2025-06-04 08:02:06.547363
1440,319,379,1,False,36,2025-06-04 08:02:06.981885
1395,319,391,1,False,29,2025-06-04 08:01:59.886529
1399,319,391,2,True,30,2025-06-04 08:02:00.555177
1402,319,391,4,False,30,2025-06-04 08:02:01.137666
1423,319,396,3,False,34,2025-06-04 08:02:04.700286
1428,319,396,1,False,34,2025-06-04 08:02:05.126757
1432,319,396,4,True,35,2025-06-04 08:02:05.736012
1435,319,396,2,False,35,2025-06-04 08:02:06.312110
1406,319,397,3,False,31,2025-06-04 08:02:01.677600
1409,319,397,1,False,31,2025-06-04 08:02:02.329724
1417,319,397,4,True,33,2025-06-04 08:02:03.748195
1420,319,397,2,False,33,2025-06-04 08:02:04.119068
1387,319,399,4,False,27,2025-06-04 08:01:58.356053
1388,319,399,2,False,27,2025-06-04 08:01:58.356748
1390,319,399,3,True,28,2025-06-04 08:01:58.844640
1443,319,440,1,False,36,2025-06-04 08:02:07.362857
1445,319,440,3,False,37,2025-06-04 08:02:07.581756
1450,319,440,2,True,37,2025-06-04 08:02:08.373774
1453,319,440,4,False,38,2025-06-04 08:02:09.031565
1464,319,453,2,False,40,2025-06-04 08:02:10.734866
1473,319,453,1,False,41,2025-06-04 08:02:11.970809
1490,319,453,3,True,43,2025-06-04 08:02:13.748503
1454,319,456,4,False,38,2025-06-04 08:02:09.215407
1455,319,456,1,False,39,2025-06-04 08:02:09.457694
1457,319,456,3,True,39,2025-06-04 08:02:09.862058
1343,319,467,2,True,9,2025-06-04 08:01:40.134132
1540,320,361,1,True,47,2025-06-04 08:02:23.286985
1561,320,366,2,False,53,2025-06-04 08:02:29.001704
1567,320,366,1,False,54,2025-06-04 08:02:30.030931
1570,320,366,3,False,55,2025-06-04 08:02:30.712047
1574,320,366,4,True,56,2025-06-04 08:02:31.409539
1429,320,388,2,True,29,2025-06-04 08:02:05.216283
1547,320,428,1,False,50,2025-06-04 08:02:26.258005
1549,320,428,2,True,51,2025-06-04 08:02:27.130377
1533,320,433,1,True,46,2025-06-04 08:02:21.592008
1581,320,439,1,False,57,2025-06-04 08:02:33.157765
1583,320,439,2,True,58,2025-06-04 08:02:33.645508
1515,320,450,1,False,42,2025-06-04 08:02:18.156498
1519,320,450,2,False,43,2025-06-04 08:02:18.886625
1522,320,450,4,True,44,2025-06-04 08:02:19.675147
1495,320,454,1,False,38,2025-06-04 08:02:13.991059
1503,320,454,2,False,39,2025-06-04 08:02:14.709660
1509,320,454,4,False,40,2025-06-04 08:02:15.545546
1514,320,454,3,True,40,2025-06-04 08:02:16.310593
1375,320,476,2,False,20,2025-06-04 08:01:55.894976
1381,320,476,1,True,22,2025-06-04 08:01:57.785316
1543,320,477,1,True,49,2025-06-04 08:02:24.839529
1734,321,361,1,True,98,2025-06-04 08:03:19.170364
1658,321,388,2,True,72,2025-06-04 08:02:53.104978
1648,321,400,3,True,68,2025-06-04 08:02:49.915326
1722,321,416,3,True,91,2025-06-04 08:03:12.828509
1532,321,432,2,True,40,2025-06-04 08:02:21.555094
1712,321,433,1,True,88,2025-06-04 08:03:09.822099
1349,321,454,4,False,4,2025-06-04 08:01:45.828428
1356,321,454,3,True,9,2025-06-04 08:01:50.090637
1607,321,477,4,False,58,2025-06-04 08:02:39.127144
1609,321,477,2,False,58,2025-06-04 08:02:39.619301
1614,321,477,3,False,59,2025-06-04 08:02:40.249708
1616,321,477,1,True,59,2025-06-04 08:02:40.508065
1756,321,483,3,True,104,2025-06-04 08:03:25.561580
1675,321,487,1,False,77,2025-06-04 08:02:58.476126
1681,321,487,3,True,78,2025-06-04 08:02:59.329203
1553,322,366,4,True,41,2025-06-04 08:02:27.424073
1770,322,400,3,True,106,2025-06-04 08:03:33.315391
1365,322,450,1,False,6,2025-06-04 08:01:52.594997
1369,322,450,2,False,8,2025-06-04 08:01:54.502635
1374,322,450,4,True,9,2025-06-04 08:01:55.467253
1683,322,475,1,True,73,2025-06-04 08:03:00.212128
1525,322,479,4,False,33,2025-06-04 08:02:19.951344
1529,322,479,2,False,34,2025-06-04 08:02:20.842033
1534,322,479,3,True,35,2025-06-04 08:02:21.804136
1754,322,480,3,True,98,2025-06-04 08:03:24.563731
1705,322,481,1,False,81,2025-06-04 08:03:08.232570
1710,322,481,3,False,82,2025-06-04 08:03:09.079117
1724,322,481,4,False,87,2025-06-04 08:03:13.409495
1726,322,481,2,True,88,2025-06-04 08:03:15.027087
1619,322,485,1,False,55,2025-06-04 08:02:42.049540
1623,322,485,4,False,58,2025-06-04 08:02:44.335619
1624,322,485,2,False,58,2025-06-04 08:02:45.189383
1638,322,485,3,True,61,2025-06-04 08:02:48.269805
1760,322,487,2,False,100,2025-06-04 08:03:26.920667
1762,322,487,4,False,101,2025-06-04 08:03:27.613350
1765,322,487,3,True,102,2025-06-04 08:03:28.635944
1793,322,488,3,True,115,2025-06-04 08:03:42.360240
1635,323,399,3,True,46,2025-06-04 08:02:47.793291
1597,323,428,4,False,36,2025-06-04 08:02:37.544434
1606,323,428,3,False,38,2025-06-04 08:02:39.062017
1610,323,428,1,False,38,2025-06-04 08:02:39.986363
1621,323,428,2,True,42,2025-06-04 08:02:43.205351
1548,323,433,4,False,25,2025-06-04 08:02:26.651520
1563,323,433,2,False,27,2025-06-04 08:02:29.173751
1564,323,433,3,False,28,2025-06-04 08:02:29.175196
1577,323,433,1,True,30,2025-06-04 08:02:31.830245
1493,323,457,1,False,12,2025-06-04 08:02:13.925246
1500,323,457,3,True,13,2025-06-04 08:02:14.379289
1516,323,468,1,False,16,2025-06-04 08:02:18.170735
1524,323,468,2,True,18,2025-06-04 08:02:19.947107
1689,323,473,4,True,61,2025-06-04 08:03:02.714577
1654,323,477,2,False,50,2025-06-04 08:02:51.941293
1662,323,477,4,False,52,2025-06-04 08:02:53.791443
1664,323,477,1,True,54,2025-06-04 08:02:55.802988
1697,323,483,4,False,64,2025-06-04 08:03:05.727798
1700,323,483,2,False,65,2025-06-04 08:03:06.814998
1708,323,483,1,False,67,2025-06-04 08:03:08.808205
1711,323,483,3,True,68,2025-06-04 08:03:09.533818
1544,324,379,1,False,12,2025-06-04 08:02:25.643276
1546,324,379,2,True,13,2025-06-04 08:02:26.212927
1531,324,396,3,False,8,2025-06-04 08:02:21.418240
1535,324,396,1,False,9,2025-06-04 08:02:22.402415
1539,324,396,4,True,10,2025-06-04 08:02:23.017907
1587,324,404,2,False,21,2025-06-04 08:02:34.597754
1588,324,404,4,True,22,2025-06-04 08:02:35.599131
1590,324,404,3,False,23,2025-06-04 08:02:36.021893
1580,324,407,1,False,20,2025-06-04 08:02:32.959584
1582,324,407,3,True,20,2025-06-04 08:02:33.562473
1592,324,410,1,False,23,2025-06-04 08:02:36.393971
1594,324,410,4,False,24,2025-06-04 08:02:37.123293
1596,324,410,2,False,24,2025-06-04 08:02:37.520483
1598,324,410,3,True,24,2025-06-04 08:02:37.578180
1604,324,417,4,False,25,2025-06-04 08:02:38.416495
1605,324,417,3,True,25,2025-06-04 08:02:38.624915
1556,324,425,4,True,15,2025-06-04 08:02:28.020905
1557,324,425,2,False,15,2025-06-04 08:02:28.196686
1566,324,426,4,False,17,2025-06-04 08:02:29.964115
1571,324,426,1,False,17,2025-06-04 08:02:30.761269
1573,324,426,3,True,18,2025-06-04 08:02:31.248473
1562,324,435,2,True,16,2025-06-04 08:02:29.042647
1565,324,435,3,False,16,2025-06-04 08:02:29.383980
1551,324,448,2,True,14,2025-06-04 08:02:27.332332
1554,324,448,4,False,14,2025-06-04 08:02:27.585627
1730,326,375,2,True,50,2025-06-04 08:03:16.953077
1768,326,406,2,True,62,2025-06-04 08:03:29.404509
1663,326,417,3,True,27,2025-06-04 08:02:54.459495
1695,326,418,2,True,38,2025-06-04 08:03:05.220087
1572,326,421,3,True,4,2025-06-04 08:02:31.049163
1688,326,443,4,True,35,2025-06-04 08:03:02.411261
1787,326,446,2,True,72,2025-06-04 08:03:39.636290
1723,326,447,3,True,46,2025-06-04 08:03:13.186406
1653,326,449,4,True,24,2025-06-04 08:02:51.748426
1759,326,459,3,True,59,2025-06-04 08:03:26.037845
1611,329,366,2,False,18,2025-06-04 08:02:40.075914
1613,329,366,3,False,18,2025-06-04 08:02:40.118361
1618,329,366,4,True,19,2025-06-04 08:02:41.078151
1694,329,370,4,False,42,2025-06-04 08:03:04.336696
1696,329,370,1,True,44,2025-06-04 08:03:05.605749
1698,329,370,3,False,44,2025-06-04 08:03:05.754123
1622,329,400,2,False,22,2025-06-04 08:02:44.062486
1625,329,400,3,True,23,2025-06-04 08:02:45.512907
1627,329,400,4,False,23,2025-06-04 08:02:45.601051
1684,329,424,1,False,39,2025-06-04 08:03:00.637715
1687,329,424,2,False,40,2025-06-04 08:03:02.028065
1690,329,424,3,True,41,2025-06-04 08:03:03.282094
1631,329,444,3,False,24,2025-06-04 08:02:46.308120
1632,329,444,1,False,24,2025-06-04 08:02:46.547094
1649,329,444,2,False,28,2025-06-04 08:02:50.475362
1651,329,444,4,True,29,2025-06-04 08:02:50.987631
1666,329,473,3,False,34,2025-06-04 08:02:56.342547
1667,329,473,2,False,34,2025-06-04 08:02:56.385014
1669,329,473,4,True,34,2025-06-04 08:02:56.600063
1671,329,475,3,False,36,2025-06-04 08:02:57.694277
1672,329,475,2,False,36,2025-06-04 08:02:57.808388
1674,329,475,4,False,36,2025-06-04 08:02:58.417884
1678,329,475,1,True,37,2025-06-04 08:02:58.727103
1655,329,476,4,False,30,2025-06-04 08:02:52.418092
1656,329,476,1,True,31,2025-06-04 08:02:52.549722
1659,329,476,3,False,31,2025-06-04 08:02:53.163775
1660,329,476,2,False,31,2025-06-04 08:02:53.303974
1703,329,479,2,False,45,2025-06-04 08:03:07.365046
1706,329,479,4,False,46,2025-06-04 08:03:08.301009
1716,329,479,1,False,49,2025-06-04 08:03:10.637386
1729,329,479,3,True,54,2025-06-04 08:03:16.306657
1744,329,482,1,False,60,2025-06-04 08:03:22.409909
1748,329,482,2,False,61,2025-06-04 08:03:22.949580
1752,329,482,4,False,62,2025-06-04 08:03:24.102922
1755,329,482,3,True,63,2025-06-04 08:03:24.808548
1702,331,444,4,True,31,2025-06-04 08:03:07.304715
1686,332,366,4,True,25,2025-06-04 08:03:01.993261
1822,332,399,3,True,76,2025-06-04 08:03:53.010834
1802,332,400,3,True,69,2025-06-04 08:03:45.787526
1811,332,428,2,True,73,2025-06-04 08:03:50.023827
1757,332,432,2,True,49,2025-06-04 08:03:25.603610
1735,332,433,1,True,43,2025-06-04 08:03:20.293237
1701,332,444,4,True,30,2025-06-04 08:03:07.300457
1670,332,454,3,True,20,2025-06-04 08:02:57.398123
1790,332,468,3,False,64,2025-06-04 08:03:41.250269
1796,332,468,2,True,66,2025-06-04 08:03:43.469556
1728,332,479,3,True,38,2025-06-04 08:03:15.478252
1819,334,365,2,True,65,2025-06-04 08:03:51.761273
1824,334,389,2,True,69,2025-06-04 08:03:54.877756
1761,334,393,3,True,41,2025-06-04 08:03:27.027423
1725,334,415,1,True,28,2025-06-04 08:03:13.860822
1780,334,427,3,True,52,2025-06-04 08:03:38.094758
1682,334,430,3,False,14,2025-06-04 08:02:59.966637
1685,334,430,1,True,15,2025-06-04 08:03:01.221717
1792,334,462,4,False,56,2025-06-04 08:03:42.020009
1797,334,462,1,True,58,2025-06-04 08:03:43.730636
1739,334,471,2,False,35,2025-06-04 08:03:21.342714
1741,334,471,4,True,36,2025-06-04 08:03:22.057804
1704,334,480,4,False,22,2025-06-04 08:03:07.770127
1709,334,480,3,True,23,2025-06-04 08:03:08.901588
1731,334,489,4,False,31,2025-06-04 08:03:17.174542
1732,334,489,3,True,32,2025-06-04 08:03:18.304808
1778,336,416,1,False,40,2025-06-04 08:03:37.805378
1786,336,416,3,True,42,2025-06-04 08:03:39.473590
1714,336,433,1,True,13,2025-06-04 08:03:10.154084
1733,336,444,3,False,22,2025-06-04 08:03:19.133510
1737,336,444,4,True,24,2025-06-04 08:03:20.949386
1693,336,457,3,True,7,2025-06-04 08:03:04.039498
1775,336,473,4,True,37,2025-06-04 08:03:33.875736
1767,336,487,3,True,32,2025-06-04 08:03:29.067604
1718,337,307,4,False,7,2025-06-04 08:03:10.827282
1721,337,307,1,True,8,2025-06-04 08:03:11.740597
1720,338,262,2,True,7,2025-06-04 08:03:11.404223
1831,338,267,1,True,55,2025-06-04 08:03:59.338320
1736,338,270,4,False,17,2025-06-04 08:03:20.778230
1740,338,270,1,False,18,2025-06-04 08:03:22.027837
1747,338,270,2,False,19,2025-06-04 08:03:22.856508
1751,338,270,3,True,20,2025-06-04 08:03:23.676570
1875,338,284,2,True,78,2025-06-04 08:04:22.175608
1929,338,294,3,False,98,2025-06-04 08:04:42.340270
1933,338,294,1,False,99,2025-06-04 08:04:43.381818
1936,338,294,2,False,100,2025-06-04 08:04:44.209315
1937,338,294,4,True,101,2025-06-04 08:04:44.918437
1846,338,300,1,True,64,2025-06-04 08:04:08.042991
1946,338,302,3,True,108,2025-06-04 08:04:51.862793
1820,338,305,3,True,48,2025-06-04 08:03:51.773544
1861,338,306,1,False,70,2025-06-04 08:04:14.637891
1864,338,306,3,False,71,2025-06-04 08:04:15.314215
1867,338,306,2,True,72,2025-06-04 08:04:16.336996
1897,338,308,3,False,84,2025-06-04 08:04:28.058898
1899,338,308,1,False,84,2025-06-04 08:04:28.422742
1901,338,308,2,False,85,2025-06-04 08:04:29.316523
1902,338,308,4,True,86,2025-06-04 08:04:29.855785
1776,339,262,2,True,29,2025-06-04 08:03:35.150424
1884,339,270,4,False,78,2025-06-04 08:04:24.222628
1889,339,270,2,False,79,2025-06-04 08:04:24.984023
1898,339,270,3,True,82,2025-06-04 08:04:28.128776
1763,339,283,2,True,21,2025-06-04 08:03:27.713953
1812,339,296,2,True,44,2025-06-04 08:03:50.230127
1841,339,299,2,True,60,2025-06-04 08:04:06.665345
1727,339,300,1,True,9,2025-06-04 08:03:15.180960
1832,339,302,3,True,54,2025-06-04 08:03:59.883969
1800,339,305,3,True,38,2025-06-04 08:03:44.701637
1738,339,307,4,False,15,2025-06-04 08:03:21.150936
1742,339,307,1,True,16,2025-06-04 08:03:22.220904
1856,339,308,4,True,67,2025-06-04 08:04:13.080783
1766,340,244,3,True,11,2025-06-04 08:03:29.044705
1753,340,247,2,True,6,2025-06-04 08:03:24.384512
1798,340,255,2,False,26,2025-06-04 08:03:44.003433
1807,340,255,3,True,30,2025-06-04 08:03:47.766061
1783,340,264,4,True,21,2025-06-04 08:03:39.131322
1773,341,267,1,True,15,2025-06-04 08:03:33.749161
1764,341,291,2,True,10,2025-06-04 08:03:28.407005
1789,341,296,2,True,23,2025-06-04 08:03:41.066992
1821,341,299,2,True,34,2025-06-04 08:03:52.159759
1828,341,302,3,True,39,2025-06-04 08:03:57.318023
1805,341,303,1,False,28,2025-06-04 08:03:46.887563
1806,341,303,3,True,29,2025-06-04 08:03:47.252426
1843,341,304,2,False,49,2025-06-04 08:04:07.028126
1847,341,304,1,False,49,2025-06-04 08:04:08.094399
1850,341,304,4,False,51,2025-06-04 08:04:09.867972
1851,341,304,3,True,52,2025-06-04 08:04:10.386499
1746,341,308,2,False,4,2025-06-04 08:03:22.630092
1750,341,308,4,True,5,2025-06-04 08:03:23.579931
1777,341,309,2,False,19,2025-06-04 08:03:37.253946
1779,341,309,1,False,20,2025-06-04 08:03:38.013713
1781,341,309,4,False,20,2025-06-04 08:03:38.742746
1785,341,309,3,True,21,2025-06-04 08:03:39.454501
1834,341,310,2,False,43,2025-06-04 08:04:01.308066
1837,341,310,1,True,44,2025-06-04 08:04:02.728456
1835,342,267,1,True,40,2025-06-04 08:04:01.309566
1788,342,274,3,True,20,2025-06-04 08:03:41.020601
1810,342,287,4,False,28,2025-06-04 08:03:49.557186
1814,342,287,3,False,30,2025-06-04 08:03:50.783493
1817,342,287,2,True,30,2025-06-04 08:03:51.348404
1818,342,287,1,False,30,2025-06-04 08:03:51.674426
1825,342,291,2,True,34,2025-06-04 08:03:55.807470
1842,342,292,2,True,45,2025-06-04 08:04:06.721708
1874,342,301,4,False,61,2025-06-04 08:04:21.831061
1877,342,301,2,False,61,2025-06-04 08:04:22.501557
1882,342,301,3,False,62,2025-06-04 08:04:23.300398
1883,342,301,1,True,63,2025-06-04 08:04:23.790704
1910,342,302,3,True,70,2025-06-04 08:04:31.461181
1940,342,303,3,True,86,2025-06-04 08:04:47.165966
1921,342,306,3,False,77,2025-06-04 08:04:38.418521
1922,342,306,1,False,78,2025-06-04 08:04:38.830295
1924,342,306,4,False,78,2025-06-04 08:04:39.501418
1927,342,306,2,True,79,2025-06-04 08:04:40.157635
1769,342,309,1,False,12,2025-06-04 08:03:32.951314
1772,342,309,3,True,12,2025-06-04 08:03:33.682729
1941,343,268,1,True,81,2025-06-04 08:04:48.093612
1771,343,287,2,True,7,2025-06-04 08:03:33.577725
1836,343,291,2,True,35,2025-06-04 08:04:02.230473
1972,343,292,2,True,97,2025-06-04 08:05:04.114869
1845,343,296,2,True,41,2025-06-04 08:04:07.879882
1823,343,299,2,True,28,2025-06-04 08:03:54.819850
1804,343,302,3,True,20,2025-06-04 08:03:46.621660
1784,343,303,3,True,12,2025-06-04 08:03:39.280847
1858,343,304,3,True,47,2025-06-04 08:04:14.306102
1953,343,309,3,True,87,2025-06-04 08:04:54.092639
1900,344,254,3,True,60,2025-06-04 08:04:28.689240
1853,344,266,4,True,42,2025-06-04 08:04:10.499027
2029,344,267,1,True,121,2025-06-04 08:05:29.729409
1869,344,269,2,True,50,2025-06-04 08:04:19.239336
1999,344,274,3,True,108,2025-06-04 08:05:16.480930
1801,344,287,3,False,17,2025-06-04 08:03:45.712600
1803,344,287,1,False,18,2025-06-04 08:03:46.516286
1808,344,287,4,False,20,2025-06-04 08:03:48.566635
1809,344,287,2,True,21,2025-06-04 08:03:49.265331
1942,344,296,2,True,79,2025-06-04 08:04:48.200595
1923,344,302,3,True,71,2025-06-04 08:04:39.294207
1951,344,304,1,False,85,2025-06-04 08:04:54.080283
1959,344,304,3,True,89,2025-06-04 08:04:57.249472
1979,344,309,3,True,98,2025-06-04 08:05:06.312550
1815,345,254,3,True,14,2025-06-04 08:03:50.929062
1838,345,271,3,True,27,2025-06-04 08:04:03.812264
2116,345,284,2,True,138,2025-06-04 08:05:54.320699
2145,345,292,2,True,152,2025-06-04 08:06:09.200585
1915,345,296,2,True,59,2025-06-04 08:04:35.837869
2024,345,299,2,True,110,2025-06-04 08:05:27.194925
1958,345,301,2,False,80,2025-06-04 08:04:57.110575
1988,345,301,3,False,95,2025-06-04 08:05:12.040916
1997,345,301,1,True,98,2025-06-04 08:05:14.350052
1795,345,303,3,True,7,2025-06-04 08:03:43.280824
1871,345,306,2,True,43,2025-06-04 08:04:19.899927
1895,345,313,1,True,51,2025-06-04 08:04:27.444892
1816,346,254,3,True,13,2025-06-04 08:03:51.216170
1865,346,266,3,False,38,2025-06-04 08:04:15.471385
1880,346,266,4,True,45,2025-06-04 08:04:23.166794
2044,346,271,2,False,113,2025-06-04 08:05:31.069403
2072,346,271,1,False,117,2025-06-04 08:05:34.918707
2076,346,271,4,False,119,2025-06-04 08:05:36.388391
2095,346,271,3,True,128,2025-06-04 08:05:45.577226
1859,346,274,3,True,37,2025-06-04 08:04:14.579132
2001,346,296,2,True,99,2025-06-04 08:05:16.829815
1799,346,302,3,True,7,2025-06-04 08:03:44.642861
1949,346,303,3,True,75,2025-06-04 08:04:52.797772
1974,346,306,2,True,87,2025-06-04 08:05:04.680776
1919,346,310,1,True,61,2025-06-04 08:04:38.236091
1938,346,312,3,True,69,2025-06-04 08:04:46.976125
1855,347,268,2,False,34,2025-06-04 08:04:12.807490
1857,347,268,4,False,35,2025-06-04 08:04:13.279842
1862,347,268,1,True,36,2025-06-04 08:04:15.016300
1918,347,269,2,True,59,2025-06-04 08:04:38.125769
1827,347,294,3,False,18,2025-06-04 08:03:57.165458
1829,347,294,2,False,19,2025-06-04 08:03:57.757258
1833,347,294,4,True,22,2025-06-04 08:04:00.945481
1878,347,296,4,False,44,2025-06-04 08:04:22.699491
1885,347,296,3,False,46,2025-06-04 08:04:24.252349
1887,347,296,2,True,46,2025-06-04 08:04:24.918638
1909,347,301,2,False,53,2025-06-04 08:04:31.338371
1911,347,301,3,False,54,2025-06-04 08:04:33.030923
1912,347,301,1,True,55,2025-06-04 08:04:33.278755
1813,347,302,3,True,12,2025-06-04 08:03:50.482612
1934,347,305,3,True,65,2025-06-04 08:04:43.445602
1964,347,306,2,True,80,2025-06-04 08:04:58.875232
1791,347,312,2,False,3,2025-06-04 08:03:41.896289
1794,347,312,3,True,4,2025-06-04 08:03:42.855629
1948,347,313,1,True,74,2025-06-04 08:04:52.749407
1826,348,253,1,True,6,2025-06-04 08:03:56.861286
1840,348,261,3,True,15,2025-06-04 08:04:06.013543
1854,348,270,3,True,22,2025-06-04 08:04:12.622605
1872,348,297,2,True,29,2025-06-04 08:04:20.244492
1907,348,308,3,False,40,2025-06-04 08:04:31.139769
1888,348,312,2,False,34,2025-06-04 08:04:24.925231
1893,348,312,3,True,36,2025-06-04 08:04:26.565132
1870,349,454,3,True,24,2025-06-04 08:04:19.895502
1881,349,468,3,False,28,2025-06-04 08:04:23.270054
1886,349,468,2,True,29,2025-06-04 08:04:24.726488
1844,349,476,1,True,12,2025-06-04 08:04:07.205853
1866,349,485,3,True,20,2025-06-04 08:04:15.797653
2112,350,397,2,False,113,2025-06-04 08:05:52.663681
2115,350,397,4,True,114,2025-06-04 08:05:53.592677
1903,350,400,3,True,30,2025-06-04 08:04:30.181119
1849,350,430,1,True,10,2025-06-04 08:04:09.497659
1982,350,440,2,True,67,2025-06-04 08:05:07.167246
1892,350,471,1,False,26,2025-06-04 08:04:26.375473
1894,350,471,4,True,27,2025-06-04 08:04:27.163378
2016,350,473,4,True,84,2025-06-04 08:05:23.763055
2002,350,476,2,False,77,2025-06-04 08:05:17.320441
2006,350,476,1,True,79,2025-06-04 08:05:18.776838
2071,350,479,3,True,95,2025-06-04 08:05:34.586547
2085,350,481,4,False,102,2025-06-04 08:05:42.218886
2089,350,481,3,False,103,2025-06-04 08:05:43.232185
2091,350,481,1,False,104,2025-06-04 08:05:44.150213
2093,350,481,2,True,105,2025-06-04 08:05:44.820158
1928,350,485,3,True,41,2025-06-04 08:04:40.456979
1920,351,269,2,True,38,2025-06-04 08:04:38.314122
1879,351,284,2,True,22,2025-06-04 08:04:22.700659
1905,351,292,2,True,31,2025-06-04 08:04:30.852397
1943,351,310,4,False,49,2025-06-04 08:04:49.611796
1954,351,310,1,True,54,2025-06-04 08:04:54.426876
1966,351,314,2,True,61,2025-06-04 08:05:01.100277
1987,351,315,2,False,72,2025-06-04 08:05:11.812673
1994,351,315,3,True,73,2025-06-04 08:05:13.560776
1839,351,317,3,True,5,2025-06-04 08:04:05.134950
1978,351,318,2,True,66,2025-06-04 08:05:05.753996
2008,351,319,3,False,81,2025-06-04 08:05:21.048650
2009,351,319,2,True,82,2025-06-04 08:05:21.763676
1935,351,321,3,True,44,2025-06-04 08:04:43.733362
1913,352,266,4,True,26,2025-06-04 08:04:33.547928
1947,352,268,1,True,45,2025-06-04 08:04:52.361947
1986,352,284,2,True,63,2025-06-04 08:05:10.692463
1967,352,301,2,False,54,2025-06-04 08:05:02.028970
1968,352,301,4,False,55,2025-06-04 08:05:02.087502
1970,352,301,3,False,57,2025-06-04 08:05:03.900691
1975,352,301,1,True,57,2025-06-04 08:05:04.752995
1873,352,306,2,True,13,2025-06-04 08:04:21.122904
2011,352,313,2,False,75,2025-06-04 08:05:21.936802
2015,352,313,1,True,76,2025-06-04 08:05:23.696021
1852,352,314,2,True,3,2025-06-04 08:04:10.448432
1890,352,321,4,False,18,2025-06-04 08:04:25.617098
1896,352,321,3,True,21,2025-06-04 08:04:27.978621
1860,352,322,2,True,7,2025-06-04 08:04:14.594650
1917,352,325,2,True,30,2025-06-04 08:04:37.533192
1863,353,395,3,True,4,2025-06-04 08:04:15.172802
1908,354,232,1,True,18,2025-06-04 08:04:31.231755
1969,354,244,3,True,49,2025-06-04 08:05:02.140477
1985,354,254,3,True,57,2025-06-04 08:05:09.880283
1876,354,262,2,True,9,2025-06-04 08:04:22.196525
1930,354,264,4,True,29,2025-06-04 08:04:42.706490
1944,354,266,4,True,38,2025-06-04 08:04:50.925075
1914,354,275,2,True,22,2025-06-04 08:04:35.516778
1868,354,283,2,True,4,2025-06-04 08:04:17.437095
1998,354,300,2,False,62,2025-06-04 08:05:15.606726
2000,354,300,4,False,64,2025-06-04 08:05:16.782256
2003,354,300,1,True,65,2025-06-04 08:05:17.734744
1956,354,303,3,True,42,2025-06-04 08:04:55.055635
1939,355,416,3,True,19,2025-06-04 08:04:47.003780
1945,355,441,2,False,24,2025-06-04 08:04:51.201752
1950,355,441,1,False,26,2025-06-04 08:04:53.389262
1952,355,441,3,True,27,2025-06-04 08:04:54.088355
1932,355,450,4,True,16,2025-06-04 08:04:43.282009
1906,355,454,3,True,3,2025-06-04 08:04:30.982704
1926,355,483,3,True,12,2025-06-04 08:04:39.879721
2012,356,234,3,True,51,2025-06-04 08:05:22.070764
2086,356,261,3,True,71,2025-06-04 08:05:42.330323
2097,356,263,3,True,75,2025-06-04 08:05:46.116463
2123,356,279,2,True,86,2025-06-04 08:05:57.410487
1931,356,287,2,True,11,2025-06-04 08:04:42.735781
1916,356,294,4,True,6,2025-06-04 08:04:37.088045
1992,356,301,1,True,42,2025-06-04 08:05:13.053317
2032,356,310,1,True,59,2025-06-04 08:05:29.971596
2063,356,312,2,False,62,2025-06-04 08:05:32.937969
2070,356,312,3,True,63,2025-06-04 08:05:34.555755
2111,356,321,3,True,81,2025-06-04 08:05:52.635474
1925,357,261,3,True,4,2025-06-04 08:04:39.877879
1957,357,268,2,False,21,2025-06-04 08:04:56.632469
1961,357,268,3,False,22,2025-06-04 08:04:57.543141
1963,357,268,1,True,23,2025-06-04 08:04:58.540011
1977,357,279,2,True,30,2025-06-04 08:05:05.436582
2122,358,319,2,True,72,2025-06-04 08:05:56.779315
1980,358,323,3,True,21,2025-06-04 08:05:06.474935
2194,358,324,1,False,108,2025-06-04 08:06:33.306523
2198,358,324,2,False,109,2025-06-04 08:06:34.218886
2205,358,324,3,False,112,2025-06-04 08:06:36.968012
2207,358,324,4,True,113,2025-06-04 08:06:37.663175
2143,358,327,2,False,83,2025-06-04 08:06:08.465132
2157,358,327,1,False,91,2025-06-04 08:06:15.699567
2160,358,327,3,True,92,2025-06-04 08:06:16.670816
1991,358,330,2,True,28,2025-06-04 08:05:12.731526
2098,358,332,2,True,61,2025-06-04 08:05:46.239756
2181,358,333,1,True,101,2025-06-04 08:06:26.501670
2217,358,334,4,False,119,2025-06-04 08:06:44.023082
2222,358,334,3,True,120,2025-06-04 08:06:44.505271
2113,358,335,2,True,68,2025-06-04 08:05:53.328564
2134,358,336,2,True,78,2025-06-04 08:06:02.900437
1960,359,231,3,True,6,2025-06-04 08:04:57.340659
2018,359,233,3,True,34,2025-06-04 08:05:24.903849
1996,359,236,3,True,23,2025-06-04 08:05:14.178465
2210,359,239,2,True,108,2025-06-04 08:06:38.990267
1984,359,241,2,True,18,2025-06-04 08:05:08.989356
2226,359,243,3,True,115,2025-06-04 08:06:45.542182
2101,359,246,4,True,56,2025-06-04 08:05:46.903478
2081,359,252,4,True,50,2025-06-04 08:05:40.500777
2061,359,285,1,True,42,2025-06-04 08:05:32.884567
2191,359,313,1,True,101,2025-06-04 08:06:32.352498
2082,360,366,4,True,44,2025-06-04 08:05:41.059838
1989,360,397,4,True,15,2025-06-04 08:05:12.192051
2013,360,432,2,True,25,2025-06-04 08:05:22.159299
2027,360,441,3,True,31,2025-06-04 08:05:28.930152
1971,360,444,4,True,6,2025-06-04 08:05:03.935115
2110,360,454,3,True,55,2025-06-04 08:05:52.588358
2005,360,477,1,True,21,2025-06-04 08:05:18.671083
2077,360,481,2,True,40,2025-06-04 08:05:37.254200
2124,360,482,3,True,60,2025-06-04 08:05:57.583113
2104,360,483,3,True,50,2025-06-04 08:05:47.648786
2127,361,231,4,False,62,2025-06-04 08:06:00.130347
2130,361,231,2,False,63,2025-06-04 08:06:01.118078
2132,361,231,1,False,64,2025-06-04 08:06:02.227794
2133,361,231,3,True,65,2025-06-04 08:06:02.824704
2102,361,232,2,False,49,2025-06-04 08:05:47.012375
2106,361,232,1,True,50,2025-06-04 08:05:47.816151
2107,361,232,3,False,50,2025-06-04 08:05:48.703762
2163,361,244,3,True,80,2025-06-04 08:06:17.942398
2149,361,254,3,True,73,2025-06-04 08:06:10.838390
2040,361,267,3,False,33,2025-06-04 08:05:30.791503
2043,361,267,1,True,33,2025-06-04 08:05:31.019937
1973,361,275,3,False,6,2025-06-04 08:05:04.433515
1976,361,275,4,False,7,2025-06-04 08:05:05.231537
1983,361,275,2,True,10,2025-06-04 08:05:07.996248
2078,361,283,2,True,40,2025-06-04 08:05:37.918559
2010,361,284,2,True,24,2025-06-04 08:05:21.777664
1993,361,296,2,True,15,2025-06-04 08:05:13.479148
2020,361,313,2,False,28,2025-06-04 08:05:26.640276
2026,361,313,4,False,30,2025-06-04 08:05:28.402980
2031,361,313,1,True,32,2025-06-04 08:05:29.941971
2035,361,313,3,False,32,2025-06-04 08:05:30.301062
2074,362,230,2,True,31,2025-06-04 08:05:36.108218
2118,362,235,4,True,49,2025-06-04 08:05:54.859684
2039,362,237,1,True,25,2025-06-04 08:05:30.677027
2125,362,248,2,True,54,2025-06-04 08:05:59.012149
2140,362,259,2,False,61,2025-06-04 08:06:06.841134
2141,362,259,1,True,62,2025-06-04 08:06:07.698422
2014,362,260,2,True,18,2025-06-04 08:05:23.392269
2004,362,286,2,False,12,2025-06-04 08:05:17.826111
2007,362,286,3,True,14,2025-06-04 08:05:18.983308
1990,362,298,4,False,7,2025-06-04 08:05:12.303160
1995,362,298,2,True,8,2025-06-04 08:05:13.587589
2099,362,317,2,False,41,2025-06-04 08:05:46.416529
2103,362,317,3,True,42,2025-06-04 08:05:47.200245
2088,362,322,3,False,37,2025-06-04 08:05:42.826326
2090,362,322,2,True,38,2025-06-04 08:05:43.460462
2017,363,287,1,False,13,2025-06-04 08:05:24.751279
2019,363,287,4,False,14,2025-06-04 08:05:26.009509
2021,363,287,2,True,15,2025-06-04 08:05:26.691172
2067,364,268,2,False,13,2025-06-04 08:05:34.043161
2068,364,268,4,False,13,2025-06-04 08:05:34.419868
2069,364,268,1,True,13,2025-06-04 08:05:34.448922
2022,364,294,2,False,6,2025-06-04 08:05:26.943533
2025,364,294,4,True,6,2025-06-04 08:05:27.432254
2046,364,295,4,False,10,2025-06-04 08:05:31.117210
2050,364,295,3,False,10,2025-06-04 08:05:31.485500
2051,364,295,2,False,10,2025-06-04 08:05:31.574044
2056,364,295,1,True,11,2025-06-04 08:05:32.440852
2028,364,309,2,False,8,2025-06-04 08:05:29.243316
2030,364,309,1,False,9,2025-06-04 08:05:29.787155
2034,364,309,3,True,9,2025-06-04 08:05:30.197343
2038,364,309,4,False,9,2025-06-04 08:05:30.663118
2173,365,263,2,False,57,2025-06-04 08:06:22.340593
2177,365,263,3,True,58,2025-06-04 08:06:23.249109
2121,365,277,1,True,31,2025-06-04 08:05:56.352535
2146,365,280,3,True,44,2025-06-04 08:06:09.474346
2049,365,287,2,True,6,2025-06-04 08:05:31.349839
2229,365,294,4,True,81,2025-06-04 08:06:46.370208
2159,365,295,2,False,51,2025-06-04 08:06:16.199884
2161,365,295,1,True,52,2025-06-04 08:06:16.937341
2100,365,304,1,False,21,2025-06-04 08:05:46.417329
2105,365,304,2,False,23,2025-06-04 08:05:47.813626
2108,365,304,3,True,24,2025-06-04 08:05:49.219960
2214,365,309,3,True,76,2025-06-04 08:06:41.085610
2190,365,310,3,False,66,2025-06-04 08:06:31.580025
2193,365,310,4,False,68,2025-06-04 08:06:33.128197
2200,365,310,1,True,70,2025-06-04 08:06:35.104281
2075,365,311,3,False,11,2025-06-04 08:05:36.301575
2079,365,311,2,True,13,2025-06-04 08:05:38.528789
2092,366,278,1,False,14,2025-06-04 08:05:44.331918
2094,366,278,2,True,14,2025-06-04 08:05:45.043349
2066,366,295,1,True,3,2025-06-04 08:05:33.646983
2083,366,310,4,False,10,2025-06-04 08:05:41.111973
2084,366,310,1,True,11,2025-06-04 08:05:41.857355
2087,366,310,3,False,12,2025-06-04 08:05:42.369228
2384,367,268,4,False,147,2025-06-04 08:08:00.811638
2387,367,268,2,False,148,2025-06-04 08:08:01.425113
2394,367,268,3,False,151,2025-06-04 08:08:04.935116
2396,367,268,1,True,152,2025-06-04 08:08:05.601881
2354,367,270,3,True,125,2025-06-04 08:07:39.186139
2197,367,279,2,True,60,2025-06-04 08:06:34.152217
2247,367,294,3,False,83,2025-06-04 08:06:57.383373
2249,367,294,4,True,85,2025-06-04 08:06:58.420412
2109,367,297,2,True,15,2025-06-04 08:05:49.408662
2080,367,304,3,True,5,2025-06-04 08:05:39.027350
2131,367,307,4,False,28,2025-06-04 08:06:02.146315
2135,367,307,1,True,29,2025-06-04 08:06:02.935500
2422,367,308,3,False,164,2025-06-04 08:08:17.733576
2425,367,308,4,True,165,2025-06-04 08:08:18.603830
2290,367,313,2,False,102,2025-06-04 08:07:15.488460
2295,367,313,1,True,103,2025-06-04 08:07:16.680708
2156,367,315,3,True,42,2025-06-04 08:06:15.535079
2176,368,263,3,True,47,2025-06-04 08:06:23.004348
2151,368,270,2,False,35,2025-06-04 08:06:11.322811
2153,368,270,4,False,36,2025-06-04 08:06:12.256363
2154,368,270,3,True,37,2025-06-04 08:06:13.087251
2199,368,271,3,True,58,2025-06-04 08:06:34.893413
2299,368,277,1,True,102,2025-06-04 08:07:18.047250
2318,368,281,1,True,111,2025-06-04 08:07:27.177461
2250,368,287,4,False,82,2025-06-04 08:06:58.494041
2253,368,287,1,False,84,2025-06-04 08:07:00.193708
2256,368,287,3,False,85,2025-06-04 08:07:01.096585
2257,368,287,2,True,86,2025-06-04 08:07:01.908349
2235,368,294,4,True,74,2025-06-04 08:06:50.806562
2126,368,295,1,True,24,2025-06-04 08:05:59.900205
2165,368,297,2,True,42,2025-06-04 08:06:18.333460
2264,368,312,2,False,91,2025-06-04 08:07:07.731576
2267,368,312,3,True,93,2025-06-04 08:07:09.307171
2189,369,230,1,False,43,2025-06-04 08:06:31.174658
2142,369,260,2,True,20,2025-06-04 08:06:08.170651
2155,369,264,4,True,27,2025-06-04 08:06:15.528583
2152,369,267,1,True,23,2025-06-04 08:06:11.389439
2182,369,274,1,False,39,2025-06-04 08:06:27.393635
2185,369,274,2,False,40,2025-06-04 08:06:28.002247
2186,369,274,4,False,40,2025-06-04 08:06:28.486169
2187,369,274,3,True,41,2025-06-04 08:06:29.066327
2129,369,283,2,True,12,2025-06-04 08:06:00.881730
2170,369,284,3,False,33,2025-06-04 08:06:21.343078
2172,369,284,1,False,34,2025-06-04 08:06:21.861530
2174,369,284,2,True,34,2025-06-04 08:06:22.456639
2120,369,292,2,True,8,2025-06-04 08:05:56.263850
2139,369,296,2,True,17,2025-06-04 08:06:05.259966
2144,370,263,3,True,21,2025-06-04 08:06:09.170286
2175,370,270,3,True,34,2025-06-04 08:06:22.546289
2269,370,278,2,True,81,2025-06-04 08:07:09.744181
2298,370,280,1,False,90,2025-06-04 08:07:18.039417
2301,370,280,4,False,90,2025-06-04 08:07:18.904176
2308,370,280,2,False,92,2025-06-04 08:07:20.852307
2311,370,280,3,True,94,2025-06-04 08:07:22.749674
2331,370,281,2,False,104,2025-06-04 08:07:33.131786
2334,370,281,1,True,105,2025-06-04 08:07:33.376982
2358,370,295,2,False,112,2025-06-04 08:07:40.958041
2359,370,295,1,True,113,2025-06-04 08:07:41.032122
2363,370,295,4,False,113,2025-06-04 08:07:41.494262
2117,370,304,1,False,6,2025-06-04 08:05:54.559696
2138,370,304,3,True,16,2025-06-04 08:06:05.009761
2218,370,307,1,True,56,2025-06-04 08:06:44.159188
2273,370,309,4,False,82,2025-06-04 08:07:10.591842
2283,370,309,2,False,85,2025-06-04 08:07:13.938251
2285,370,309,3,True,86,2025-06-04 08:07:14.916158
2340,370,315,4,False,108,2025-06-04 08:07:36.347008
2342,370,315,2,False,108,2025-06-04 08:07:36.716895
2346,370,315,1,False,110,2025-06-04 08:07:38.019149
2350,370,315,3,True,110,2025-06-04 08:07:38.632768
2338,371,263,3,True,106,2025-06-04 08:07:34.600254
2319,371,278,2,True,99,2025-06-04 08:07:27.623673
2211,371,280,3,True,51,2025-06-04 08:06:39.304102
2400,371,295,1,True,139,2025-06-04 08:08:07.630417
2227,371,297,2,True,57,2025-06-04 08:06:46.097721
2119,371,301,2,False,7,2025-06-04 08:05:55.542030
2150,371,301,1,True,22,2025-06-04 08:06:10.906470
2274,371,307,4,False,82,2025-06-04 08:07:10.798155
2280,371,307,1,True,84,2025-06-04 08:07:12.110914
2180,371,310,1,True,38,2025-06-04 08:06:26.445999
2306,371,311,3,False,91,2025-06-04 08:07:19.898341
2307,371,311,2,True,92,2025-06-04 08:07:20.718750
2411,371,315,3,True,144,2025-06-04 08:08:12.201141
2128,372,253,1,True,11,2025-06-04 08:06:00.241975
2137,372,255,3,True,15,2025-06-04 08:06:04.567961
2188,372,300,1,True,41,2025-06-04 08:06:30.565192
2236,372,320,2,False,61,2025-06-04 08:06:50.810119
2237,372,320,3,True,62,2025-06-04 08:06:51.732059
2171,372,326,1,True,32,2025-06-04 08:06:21.543651
2114,372,333,1,True,4,2025-06-04 08:05:53.475718
2225,372,335,2,True,56,2025-06-04 08:06:45.432573
2158,372,337,4,True,26,2025-06-04 08:06:15.749573
2148,372,339,3,True,21,2025-06-04 08:06:10.776344
2209,372,340,3,True,49,2025-06-04 08:06:38.738685
2261,373,366,2,False,69,2025-06-04 08:07:03.781529
2282,373,366,4,True,78,2025-06-04 08:07:13.495741
2164,373,370,1,True,23,2025-06-04 08:06:18.271468
2374,373,397,4,True,119,2025-06-04 08:07:54.559091
2169,373,410,3,True,26,2025-06-04 08:06:21.077947
2231,373,439,2,True,53,2025-06-04 08:06:48.476069
2248,373,461,3,True,63,2025-06-04 08:06:58.206733
2385,373,476,1,True,126,2025-06-04 08:08:01.265477
2320,373,477,1,True,93,2025-06-04 08:07:27.834102
2206,373,479,3,True,42,2025-06-04 08:06:37.310153
2184,373,481,2,True,33,2025-06-04 08:06:27.917674
2302,374,263,3,True,79,2025-06-04 08:07:19.094351
2167,374,268,3,False,19,2025-06-04 08:06:19.418988
2168,374,268,1,True,20,2025-06-04 08:06:20.206521
2202,374,277,1,True,35,2025-06-04 08:06:35.503163
2241,374,287,2,True,53,2025-06-04 08:06:53.252980
2255,374,294,4,True,60,2025-06-04 08:07:00.597448
2271,374,304,1,False,70,2025-06-04 08:07:10.249488
2276,374,304,3,True,71,2025-06-04 08:07:11.528769
2220,374,307,4,False,44,2025-06-04 08:06:44.353073
2224,374,307,1,True,45,2025-06-04 08:06:45.344478
2179,374,309,3,True,25,2025-06-04 08:06:25.037652
2183,374,311,2,True,27,2025-06-04 08:06:27.795424
2284,374,312,3,True,74,2025-06-04 08:07:14.667806
2277,375,234,3,True,52,2025-06-04 08:07:11.952433
2294,375,238,4,True,57,2025-06-04 08:07:16.538903
2178,375,263,3,True,4,2025-06-04 08:06:23.933967
2213,375,300,1,True,21,2025-06-04 08:06:40.703959
2262,375,313,1,True,44,2025-06-04 08:07:04.464361
2219,375,315,2,False,24,2025-06-04 08:06:44.319059
2221,375,315,3,True,25,2025-06-04 08:06:44.393140
2192,375,320,2,False,12,2025-06-04 08:06:32.507421
2196,375,320,3,True,14,2025-06-04 08:06:33.628074
2244,375,324,3,False,35,2025-06-04 08:06:55.474498
2246,375,324,4,True,37,2025-06-04 08:06:56.444701
2309,375,338,2,True,62,2025-06-04 08:07:21.852566
2234,375,341,4,True,30,2025-06-04 08:06:50.126018
2465,376,279,2,True,143,2025-06-04 08:08:44.534589
2216,376,316,2,True,20,2025-06-04 08:06:41.889307
2367,376,329,4,True,87,2025-06-04 08:07:48.357141
2424,376,334,3,True,116,2025-06-04 08:08:18.097075
2300,376,344,3,True,57,2025-06-04 08:07:18.858086
2375,376,346,3,True,94,2025-06-04 08:07:55.343590
2399,376,347,4,True,105,2025-06-04 08:08:06.912993
2233,376,348,3,True,28,2025-06-04 08:06:49.907113
2272,376,349,4,True,48,2025-06-04 08:07:10.262422
2435,376,350,2,False,126,2025-06-04 08:08:28.199090
2449,376,350,1,True,135,2025-06-04 08:08:36.274132
2497,377,268,1,True,185,2025-06-04 08:09:34.111496
2452,377,271,3,True,128,2025-06-04 08:08:37.275485
2239,377,277,1,True,23,2025-06-04 08:06:52.195736
2393,377,278,2,True,94,2025-06-04 08:08:03.421892
2444,377,280,3,True,122,2025-06-04 08:08:31.412425
2404,377,308,4,True,101,2025-06-04 08:08:10.051155
2470,377,309,3,True,144,2025-06-04 08:08:52.845515
2478,377,310,1,True,152,2025-06-04 08:09:01.372175
2324,377,312,3,True,60,2025-06-04 08:07:29.346030
2513,377,327,3,True,227,2025-06-04 08:10:16.114320
2242,378,235,4,True,22,2025-06-04 08:06:54.102429
2312,378,244,3,True,51,2025-06-04 08:07:23.103913
2203,378,248,2,True,4,2025-06-04 08:06:36.279342
2352,378,254,3,True,67,2025-06-04 08:07:38.863164
2212,378,260,2,True,8,2025-06-04 08:06:40.309089
2258,378,266,4,True,30,2025-06-04 08:07:01.976017
2266,378,284,1,False,37,2025-06-04 08:07:08.951574
2270,378,284,3,False,38,2025-06-04 08:07:10.172920
2275,378,284,2,True,39,2025-06-04 08:07:10.972601
2329,378,291,2,True,60,2025-06-04 08:07:32.529180
2297,378,303,3,True,45,2025-06-04 08:07:17.046849
2228,378,305,3,True,14,2025-06-04 08:06:46.346369
2286,379,237,1,True,41,2025-06-04 08:07:15.018247
2240,379,248,2,True,19,2025-06-04 08:06:52.968511
2230,379,254,3,True,13,2025-06-04 08:06:46.914604
2243,379,264,4,True,21,2025-06-04 08:06:55.039156
2263,379,266,4,True,33,2025-06-04 08:07:06.239791
2232,379,283,2,True,16,2025-06-04 08:06:49.760464
2215,379,291,2,True,8,2025-06-04 08:06:41.562310
2259,379,296,2,True,30,2025-06-04 08:07:03.368318
2252,379,299,2,True,26,2025-06-04 08:06:59.560504
2204,379,305,3,True,3,2025-06-04 08:06:36.893690
2332,380,234,3,True,45,2025-06-04 08:07:33.220572
2434,380,245,2,True,100,2025-06-04 08:08:27.869777
2281,380,281,1,True,25,2025-06-04 08:07:13.273895
2405,380,306,3,False,82,2025-06-04 08:08:10.112372
2407,380,306,1,False,83,2025-06-04 08:08:10.763573
2409,380,306,4,False,84,2025-06-04 08:08:11.448971
2410,380,306,2,True,84,2025-06-04 08:08:11.747932
2442,380,311,2,True,104,2025-06-04 08:08:31.361157
2368,380,313,1,True,61,2025-06-04 08:07:48.663133
2380,380,320,2,False,70,2025-06-04 08:07:58.263487
2383,380,320,3,True,71,2025-06-04 08:07:59.177418
2254,380,334,3,True,13,2025-06-04 08:07:00.224267
2245,380,343,2,True,8,2025-06-04 08:06:55.945159
2427,380,344,3,True,93,2025-06-04 08:08:20.808321
2366,381,281,1,True,56,2025-06-04 08:07:45.313737
2304,381,287,2,True,30,2025-06-04 08:07:19.380119
2417,381,294,2,False,87,2025-06-04 08:08:15.763341
2418,381,294,3,False,88,2025-06-04 08:08:16.607355
2420,381,294,1,False,88,2025-06-04 08:08:17.203104
2423,381,294,4,True,89,2025-06-04 08:08:17.951017
2402,381,295,2,False,79,2025-06-04 08:08:08.587729
2403,381,295,4,False,81,2025-06-04 08:08:09.958648
2408,381,295,1,True,82,2025-06-04 08:08:10.875969
2314,381,304,1,False,35,2025-06-04 08:07:23.706624
2316,381,304,3,True,36,2025-06-04 08:07:25.430662
2265,381,308,3,False,19,2025-06-04 08:07:07.818997
2279,381,308,4,True,23,2025-06-04 08:07:12.043311
2291,381,311,3,False,27,2025-06-04 08:07:15.655530
2293,381,311,2,True,27,2025-06-04 08:07:16.388614
2339,381,312,3,True,47,2025-06-04 08:07:35.783413
2372,381,315,2,False,64,2025-06-04 08:07:53.614659
2373,381,315,3,True,65,2025-06-04 08:07:54.451901
2325,381,327,2,False,41,2025-06-04 08:07:30.070325
2327,381,327,3,True,42,2025-06-04 08:07:31.464640
2260,382,270,3,True,9,2025-06-04 08:07:03.466266
2268,382,301,4,False,15,2025-06-04 08:07:09.693194
2251,382,307,1,True,5,2025-06-04 08:06:59.098697
2447,383,268,3,False,84,2025-06-04 08:08:34.271447
2448,383,268,1,True,85,2025-06-04 08:08:34.805033
2376,383,280,3,True,45,2025-06-04 08:07:55.382826
2483,383,295,1,True,129,2025-06-04 08:09:18.583733
2496,383,301,1,True,143,2025-06-04 08:09:32.614852
2462,383,307,3,False,94,2025-06-04 08:08:43.743150
2464,383,307,1,True,95,2025-06-04 08:08:44.350339
2317,383,308,1,False,16,2025-06-04 08:07:26.297637
2322,383,308,2,False,19,2025-06-04 08:07:28.654605
2330,383,308,3,False,23,2025-06-04 08:07:32.934684
2333,383,308,4,True,23,2025-06-04 08:07:33.318302
2288,383,311,2,True,6,2025-06-04 08:07:15.432078
2489,383,315,4,False,134,2025-06-04 08:09:24.153136
2490,383,315,1,False,135,2025-06-04 08:09:24.815973
2492,383,315,2,False,136,2025-06-04 08:09:25.540453
2493,383,315,3,True,136,2025-06-04 08:09:26.109084
2482,383,320,3,True,123,2025-06-04 08:09:12.571237
2467,383,327,1,False,101,2025-06-04 08:08:51.181172
2468,383,327,3,True,102,2025-06-04 08:08:51.731235
2292,384,312,2,False,3,2025-06-04 08:07:16.202802
2296,384,312,3,True,4,2025-06-04 08:07:16.933195
2381,385,280,3,True,38,2025-06-04 08:07:58.920884
2389,385,295,1,True,42,2025-06-04 08:08:01.962029
2415,385,301,1,True,53,2025-06-04 08:08:13.981427
2401,385,304,3,True,48,2025-06-04 08:08:08.069654
2364,385,307,1,True,23,2025-06-04 08:07:43.385645
2349,385,308,4,True,18,2025-06-04 08:07:38.422878
2323,385,311,2,True,8,2025-06-04 08:07:28.659294
2315,385,312,3,True,3,2025-06-04 08:07:24.010121
2335,385,315,3,True,13,2025-06-04 08:07:33.650147
2432,385,320,3,True,64,2025-06-04 08:08:24.596164
2390,386,280,3,True,38,2025-06-04 08:08:01.992922
2413,386,287,2,True,49,2025-06-04 08:08:12.947244
2328,386,294,4,True,8,2025-06-04 08:07:31.977178
2321,386,295,1,True,4,2025-06-04 08:07:28.622707
2398,386,301,1,True,43,2025-06-04 08:08:06.814493
2365,386,304,3,True,20,2025-06-04 08:07:43.948696
2440,386,310,3,False,66,2025-06-04 08:08:30.281589
2451,386,310,1,True,73,2025-06-04 08:08:37.006369
2419,386,311,2,True,53,2025-06-04 08:08:16.816505
2357,386,315,3,True,16,2025-06-04 08:07:40.647356
2421,386,327,2,False,53,2025-06-04 08:08:17.677973
2436,386,327,1,False,64,2025-06-04 08:08:28.619143
2438,386,327,3,True,65,2025-06-04 08:08:29.415604
2345,387,271,3,True,12,2025-06-04 08:07:37.940582
2406,387,273,3,True,45,2025-06-04 08:08:10.705191
2386,387,294,4,True,36,2025-06-04 08:08:01.346465
2416,387,301,1,True,50,2025-06-04 08:08:15.236143
2437,387,307,1,True,63,2025-06-04 08:08:28.714841
2428,387,309,2,False,55,2025-06-04 08:08:20.972878
2430,387,309,3,True,56,2025-06-04 08:08:21.863913
2395,387,311,2,True,40,2025-06-04 08:08:05.140279
2377,387,312,2,False,31,2025-06-04 08:07:56.217726
2379,387,312,3,True,32,2025-06-04 08:07:57.173819
2370,387,315,3,True,26,2025-06-04 08:07:51.273505
2326,387,324,4,True,5,2025-06-04 08:07:30.365362
2388,388,307,2,False,18,2025-06-04 08:08:01.663603
2391,388,307,4,False,19,2025-06-04 08:08:02.370265
2392,388,307,1,True,19,2025-06-04 08:08:02.592097
2369,388,310,3,False,7,2025-06-04 08:07:51.082135
2371,388,310,1,True,8,2025-06-04 08:07:51.550184
2378,388,320,3,True,12,2025-06-04 08:07:56.249880
2446,390,235,2,False,45,2025-06-04 08:08:33.450291
2450,390,235,4,True,48,2025-06-04 08:08:36.814249
2481,390,236,3,True,83,2025-06-04 08:09:11.835861
2412,390,241,2,True,24,2025-06-04 08:08:12.860059
2431,390,247,2,True,34,2025-06-04 08:08:23.273385
2397,390,248,2,True,17,2025-06-04 08:08:05.967566
2506,390,264,4,True,110,2025-06-04 08:09:39.156460
2484,390,269,2,True,90,2025-06-04 08:09:19.198321
2466,390,299,2,True,59,2025-06-04 08:08:47.655329
2479,390,314,2,True,77,2025-06-04 08:09:05.803844
2491,390,333,1,True,96,2025-06-04 08:09:25.096948
2414,391,268,1,True,19,2025-06-04 08:08:13.186904
2445,391,280,3,True,38,2025-06-04 08:08:32.196134
2382,391,294,4,True,5,2025-06-04 08:07:59.038915
2426,391,311,2,True,26,2025-06-04 08:08:19.486591
2455,391,327,4,False,46,2025-06-04 08:08:39.678622
2457,391,327,1,False,48,2025-06-04 08:08:41.450212
2459,391,327,2,False,49,2025-06-04 08:08:42.678323
2463,391,327,3,True,50,2025-06-04 08:08:43.809404
2523,393,259,1,True,148,2025-06-04 08:10:42.219897
2518,393,319,3,False,134,2025-06-04 08:10:28.601881
2519,393,319,2,True,135,2025-06-04 08:10:29.433035
2508,393,328,1,True,92,2025-06-04 08:09:46.540973
2514,393,342,4,False,126,2025-06-04 08:10:20.363065
2515,393,342,3,False,128,2025-06-04 08:10:22.229617
2516,393,342,1,False,129,2025-06-04 08:10:23.058455
2517,393,342,2,True,130,2025-06-04 08:10:23.705533
2520,393,345,2,False,143,2025-06-04 08:10:37.633107
2521,393,345,3,False,145,2025-06-04 08:10:38.750533
2522,393,345,1,True,145,2025-06-04 08:10:39.420513
2443,393,350,4,False,17,2025-06-04 08:08:31.364363
2453,393,350,1,True,24,2025-06-04 08:08:37.837622
2525,393,353,2,True,155,2025-06-04 08:10:49.122874
2509,393,354,2,True,98,2025-06-04 08:09:51.933166
2511,393,355,2,True,114,2025-06-04 08:10:08.560041
2527,393,356,2,True,162,2025-06-04 08:10:56.378741
2429,394,280,3,True,6,2025-06-04 08:08:21.663417
2488,396,233,3,True,63,2025-06-04 08:09:23.437533
2433,396,239,2,True,5,2025-06-04 08:08:26.361930
2485,396,256,2,False,59,2025-06-04 08:09:20.180058
2486,396,256,1,False,61,2025-06-04 08:09:21.948987
2487,396,256,3,True,62,2025-06-04 08:09:22.499571
2480,396,278,2,True,47,2025-06-04 08:09:07.450431
2507,396,285,1,True,83,2025-06-04 08:09:43.913319
2499,396,297,3,False,74,2025-06-04 08:09:35.222423
2501,396,297,4,False,75,2025-06-04 08:09:36.234080
2503,396,297,1,False,77,2025-06-04 08:09:37.336855
2504,396,297,2,True,78,2025-06-04 08:09:38.307098
2454,396,300,4,False,18,2025-06-04 08:08:39.243800
2456,396,300,2,False,19,2025-06-04 08:08:40.162837
2460,396,300,3,False,22,2025-06-04 08:08:43.030449
2461,396,300,1,True,23,2025-06-04 08:08:43.629609
2469,396,323,1,False,32,2025-06-04 08:08:52.775518
2471,396,323,2,False,33,2025-06-04 08:08:53.661253
2473,396,323,4,False,35,2025-06-04 08:08:55.790523
2474,396,323,3,True,36,2025-06-04 08:08:56.553704
2477,396,333,1,True,40,2025-06-04 08:09:01.151415
2441,396,335,2,True,11,2025-06-04 08:08:31.268452
2495,401,301,1,True,38,2025-06-04 08:09:26.982105
2476,401,315,3,True,11,2025-06-04 08:08:59.173745
2498,401,327,4,False,46,2025-06-04 08:09:34.911412
2500,401,327,1,False,48,2025-06-04 08:09:35.999360
2502,401,327,3,True,48,2025-06-04 08:09:36.934689
2532,412,268,1,True,143,2025-06-04 08:12:12.909340
2526,412,270,3,True,65,2025-06-04 08:10:55.555015
2529,412,280,3,True,96,2025-06-04 08:11:26.679005
2524,412,287,2,True,56,2025-06-04 08:10:46.425918
2531,412,295,1,True,111,2025-06-04 08:11:41.593524
2533,412,308,4,True,149,2025-06-04 08:12:19.424909
2530,412,310,1,True,104,2025-06-04 08:11:34.274891
2528,412,312,3,True,74,2025-06-04 08:11:04.396706
2510,412,327,3,True,12,2025-06-04 08:10:02.782673
2512,412,350,1,True,23,2025-06-04 08:10:13.532558
2592,464,397,4,True,290,2025-06-04 08:20:48.573178
2584,464,416,1,False,160,2025-06-04 08:18:38.653600
2585,464,416,3,True,163,2025-06-04 08:18:41.316347
2586,464,432,2,True,214,2025-06-04 08:19:32.678186
2583,464,433,1,True,138,2025-06-04 08:18:16.944873
2570,464,439,2,True,74,2025-06-04 08:17:12.174340
2588,464,441,3,True,283,2025-06-04 08:20:41.900817
2536,464,468,2,True,16,2025-06-04 08:16:14.424609
2573,464,477,1,True,87,2025-06-04 08:17:25.271600
2538,464,482,3,True,24,2025-06-04 08:16:22.238970
2534,464,487,3,True,6,2025-06-04 08:16:05.005754
2565,465,297,3,False,51,2025-06-04 08:16:56.514473
2566,465,297,1,False,52,2025-06-04 08:16:56.911372
2567,465,297,2,True,53,2025-06-04 08:16:57.496753
2568,465,297,4,False,53,2025-06-04 08:16:58.093697
2562,465,300,1,True,50,2025-06-04 08:16:54.998027
2563,465,300,2,False,50,2025-06-04 08:16:55.390173
2564,465,300,4,False,51,2025-06-04 08:16:55.764448
2541,465,304,1,False,27,2025-06-04 08:16:31.805667
2542,465,304,2,False,28,2025-06-04 08:16:32.701985
2543,465,304,3,True,29,2025-06-04 08:16:33.947785
2537,465,306,2,True,10,2025-06-04 08:16:14.694600
2535,465,307,1,True,4,2025-06-04 08:16:09.509984
2558,465,308,1,False,47,2025-06-04 08:16:52.332360
2559,465,308,2,False,48,2025-06-04 08:16:52.694017
2560,465,308,4,True,48,2025-06-04 08:16:53.287931
2561,465,308,3,False,49,2025-06-04 08:16:53.879475
2553,465,309,1,False,44,2025-06-04 08:16:49.296810
2554,465,309,2,False,45,2025-06-04 08:16:49.704287
2555,465,309,4,False,45,2025-06-04 08:16:50.035513
2556,465,309,3,True,45,2025-06-04 08:16:50.394993
2548,465,323,2,False,41,2025-06-04 08:16:45.589985
2550,465,323,4,False,41,2025-06-04 08:16:46.174305
2551,465,323,3,True,42,2025-06-04 08:16:46.529202
2552,465,323,1,False,42,2025-06-04 08:16:46.806401
2544,465,324,2,False,33,2025-06-04 08:16:38.300196
2545,465,324,1,False,34,2025-06-04 08:16:39.329626
2546,465,324,3,False,37,2025-06-04 08:16:41.704635
2547,465,324,4,True,38,2025-06-04 08:16:42.656294
2539,465,345,2,False,19,2025-06-04 08:16:24.154254
2540,465,345,1,True,21,2025-06-04 08:16:25.509378
2574,472,248,2,True,27,2025-06-04 08:17:26.927046
2581,472,260,2,True,58,2025-06-04 08:17:58.030002
2569,472,264,4,True,8,2025-06-04 08:17:07.565220
2582,472,267,1,True,63,2025-06-04 08:18:02.888633
2572,472,269,2,True,22,2025-06-04 08:17:22.426061
2571,472,283,2,True,16,2025-06-04 08:17:15.766992
2579,472,285,1,True,48,2025-06-04 08:17:48.346603
2575,472,291,2,True,34,2025-06-04 08:17:34.438242
2576,472,292,2,True,43,2025-06-04 08:17:42.635986
2580,472,299,2,True,54,2025-06-04 08:17:53.780934
2577,486,290,2,False,2,2025-06-04 08:17:42.643130
2578,486,290,1,False,3,2025-06-04 08:17:43.069862
2587,502,295,1,True,5,2025-06-04 08:20:40.093639
2589,502,300,3,False,12,2025-06-04 08:20:46.516095
2590,502,300,2,False,13,2025-06-04 08:20:47.658362
2591,502,300,4,False,13,2025-06-04 08:20:48.384757
2593,502,300,1,True,14,2025-06-04 08:20:49.320459
2603,511,366,4,True,78,2025-06-04 08:22:37.538438
2599,511,416,3,True,25,2025-06-04 08:21:44.717821
2608,511,432,2,True,206,2025-06-04 08:24:45.615501
2601,511,433,1,True,33,2025-06-04 08:21:52.895284
2609,511,439,2,True,218,2025-06-04 08:24:57.095936
2594,511,454,4,False,9,2025-06-04 08:21:28.827020
2596,511,454,3,True,19,2025-06-04 08:21:38.309863
2605,511,471,4,True,87,2025-06-04 08:22:46.663909
2607,511,476,1,True,119,2025-06-04 08:23:18.864004
2606,511,481,2,True,108,2025-06-04 08:23:07.583542
2602,511,483,3,True,46,2025-06-04 08:22:05.928676
2597,514,485,4,False,6,2025-06-04 08:21:42.157458
2598,514,485,3,True,7,2025-06-04 08:21:43.338873
2600,514,487,2,False,10,2025-06-04 08:21:46.023876
2654,543,268,3,False,27,2025-06-04 08:25:43.464861
2655,543,268,1,True,28,2025-06-04 08:25:43.669694
2661,543,287,2,True,31,2025-06-04 08:25:46.522199
2665,543,307,1,True,45,2025-06-04 08:26:00.938689
2664,543,308,4,True,35,2025-06-04 08:25:50.665367
2647,543,342,2,True,22,2025-06-04 08:25:37.409283
2642,543,345,1,True,18,2025-06-04 08:25:34.431857
2662,546,472,1,True,24,2025-06-04 08:25:46.640898
2663,546,472,2,False,24,2025-06-04 08:25:46.943473
2650,546,486,2,False,17,2025-06-04 08:25:39.851754
2651,546,486,3,True,18,2025-06-04 08:25:40.903799
2643,546,490,2,False,14,2025-06-04 08:25:36.459552
2644,546,490,1,False,14,2025-06-04 08:25:36.516401
2645,546,490,4,False,14,2025-06-04 08:25:36.585673
2648,546,490,3,True,15,2025-06-04 08:25:37.620965
2610,546,491,3,True,0,2025-06-04 08:25:23.416731
2612,546,492,4,False,1,2025-06-04 08:25:24.126728
2613,546,492,1,False,1,2025-06-04 08:25:24.162286
2614,546,492,2,True,1,2025-06-04 08:25:24.338171
2652,546,497,3,False,19,2025-06-04 08:25:42.346021
2653,546,497,4,False,20,2025-06-04 08:25:43.203191
2656,546,497,2,True,21,2025-06-04 08:25:44.144135
2657,546,497,1,False,22,2025-06-04 08:25:44.511124
2618,546,498,3,False,2,2025-06-04 08:25:25.276522
2619,546,498,4,False,2,2025-06-04 08:25:25.330073
2620,546,498,2,False,3,2025-06-04 08:25:26.177901
2621,546,498,1,True,3,2025-06-04 08:25:26.249856
2627,546,499,4,False,5,2025-06-04 08:25:27.419684
2629,546,499,2,False,6,2025-06-04 08:25:29.341205
2630,546,499,1,True,7,2025-06-04 08:25:29.509239
2632,546,499,3,False,7,2025-06-04 08:25:30.003183
2658,546,501,3,False,23,2025-06-04 08:25:45.397521
2659,546,501,2,True,23,2025-06-04 08:25:45.680407
2660,546,501,4,False,23,2025-06-04 08:25:46.201318
2636,546,503,1,True,8,2025-06-04 08:25:30.466105
2637,546,503,4,False,8,2025-06-04 08:25:30.506771
2641,546,503,3,False,8,2025-06-04 08:25:30.927000
2680,555,375,2,True,20,2025-06-04 08:26:19.413982
2668,555,382,2,True,6,2025-06-04 08:26:05.536561
2672,555,395,3,True,10,2025-06-04 08:26:09.295040
2679,555,419,2,True,16,2025-06-04 08:26:15.225034
2667,555,421,3,True,3,2025-06-04 08:26:02.696842
2686,555,442,1,False,28,2025-06-04 08:26:27.966262
2687,555,442,2,True,30,2025-06-04 08:26:29.475109
2669,555,446,4,False,8,2025-06-04 08:26:07.638690
2670,555,446,2,True,9,2025-06-04 08:26:08.223960
2671,555,446,1,False,9,2025-06-04 08:26:08.716360
2681,555,449,1,False,22,2025-06-04 08:26:21.595939
2682,555,449,3,False,24,2025-06-04 08:26:23.321845
2683,555,449,2,False,25,2025-06-04 08:26:24.322087
2684,555,449,4,True,26,2025-06-04 08:26:25.242206
2673,555,455,1,False,12,2025-06-04 08:26:11.234318
2674,555,455,3,True,12,2025-06-04 08:26:11.951398
2675,555,455,2,False,13,2025-06-04 08:26:12.614680
2676,555,459,1,False,14,2025-06-04 08:26:13.862271
2677,555,459,3,True,15,2025-06-04 08:26:14.213599
2678,555,459,4,False,15,2025-06-04 08:26:14.875173
2690,560,268,1,True,15,2025-06-04 08:26:33.327262
2843,560,294,4,True,60,2025-06-04 08:27:17.629369
2836,560,297,2,True,56,2025-06-04 08:27:14.132993
2700,560,300,1,True,22,2025-06-04 08:26:39.798353
2794,560,309,3,True,46,2025-06-04 08:27:03.920054
2824,560,310,1,True,50,2025-06-04 08:27:08.014095
2764,560,315,3,True,41,2025-06-04 08:26:58.971759
2719,560,323,3,True,29,2025-06-04 08:26:47.535877
2685,560,327,3,True,9,2025-06-04 08:26:27.334174
2748,560,342,2,True,36,2025-06-04 08:26:53.763828
2742,561,294,3,False,28,2025-06-04 08:26:52.449577
2751,561,294,1,False,29,2025-06-04 08:26:54.067479
2756,561,294,4,True,30,2025-06-04 08:26:54.705499
2782,561,300,1,True,38,2025-06-04 08:27:02.800917
2790,561,300,3,False,38,2025-06-04 08:27:03.264562
2715,561,301,1,True,22,2025-06-04 08:26:46.516925
2716,561,301,4,False,22,2025-06-04 08:26:46.670630
2717,561,301,3,False,22,2025-06-04 08:26:46.845158
2689,561,304,3,True,7,2025-06-04 08:26:31.846665
2813,561,308,3,False,41,2025-06-04 08:27:06.330167
2815,561,308,1,False,42,2025-06-04 08:27:06.548075
2820,561,308,2,False,42,2025-06-04 08:27:07.389100
2827,561,308,4,True,43,2025-06-04 08:27:08.331696
2720,561,309,2,False,23,2025-06-04 08:26:47.597913
2722,561,309,1,False,24,2025-06-04 08:26:48.957324
2723,561,309,3,True,25,2025-06-04 08:26:49.674124
2770,561,310,2,False,35,2025-06-04 08:27:00.312639
2773,561,310,3,False,36,2025-06-04 08:27:01.070886
2776,561,310,4,False,37,2025-06-04 08:27:01.824126
2777,561,310,1,True,37,2025-06-04 08:27:01.913419
2692,561,324,2,False,12,2025-06-04 08:26:36.576112
2696,561,324,4,True,12,2025-06-04 08:26:37.420070
2730,561,327,3,True,26,2025-06-04 08:26:51.359124
2738,561,327,2,False,27,2025-06-04 08:26:51.995629
2793,561,342,1,False,39,2025-06-04 08:27:03.781831
2797,561,342,3,False,39,2025-06-04 08:27:04.103562
2802,561,342,4,False,40,2025-06-04 08:27:04.941886
2803,561,342,2,True,40,2025-06-04 08:27:05.095992
2704,562,375,2,True,11,2025-06-04 08:26:42.179005
2759,562,382,2,True,25,2025-06-04 08:26:56.970607
2769,562,385,3,True,28,2025-06-04 08:27:00.093155
2743,562,395,2,False,21,2025-06-04 08:26:52.862631
2746,562,395,1,False,22,2025-06-04 08:26:53.640373
2752,562,395,3,True,22,2025-06-04 08:26:54.177650
2755,562,395,4,False,23,2025-06-04 08:26:54.622796
2788,562,407,3,True,31,2025-06-04 08:27:03.165980
2801,562,418,3,False,33,2025-06-04 08:27:04.931353
2810,562,418,2,True,34,2025-06-04 08:27:05.918407
2714,562,421,3,True,14,2025-06-04 08:26:46.304281
2701,562,442,2,True,8,2025-06-04 08:26:39.798956
2724,562,443,3,False,18,2025-06-04 08:26:49.830392
2732,562,443,4,True,20,2025-06-04 08:26:51.443351
2693,562,447,2,False,4,2025-06-04 08:26:37.238106
2694,562,447,1,False,5,2025-06-04 08:26:37.276014
2695,562,447,4,False,5,2025-06-04 08:26:37.276642
2699,562,447,3,True,6,2025-06-04 08:26:38.734416
2697,563,372,3,False,6,2025-06-04 08:26:38.140828
2698,563,372,1,True,6,2025-06-04 08:26:38.667928
2702,563,404,2,False,8,2025-06-04 08:26:41.203361
2703,563,404,4,True,9,2025-06-04 08:26:41.744976
2691,563,417,3,True,2,2025-06-04 08:26:34.559913
2705,563,443,2,False,11,2025-06-04 08:26:43.623118
2706,563,443,1,False,12,2025-06-04 08:26:44.307161
2707,563,443,3,False,13,2025-06-04 08:26:45.265810
2708,563,443,4,True,13,2025-06-04 08:26:45.269895
2713,563,459,4,False,14,2025-06-04 08:26:46.148782
2761,564,270,4,False,16,2025-06-04 08:26:57.854302
2762,564,270,2,False,16,2025-06-04 08:26:57.855501
2763,564,270,1,False,17,2025-06-04 08:26:58.315339
2765,564,270,3,True,18,2025-06-04 08:26:58.981884
2721,564,300,1,True,7,2025-06-04 08:26:48.200697
2883,566,294,2,False,45,2025-06-04 08:27:29.976291
2903,566,294,4,True,47,2025-06-04 08:27:32.116290
2731,566,295,1,True,6,2025-06-04 08:26:51.380948
2733,566,295,4,False,7,2025-06-04 08:26:51.582304
2735,566,295,2,False,7,2025-06-04 08:26:51.817942
2946,566,300,3,False,54,2025-06-04 08:27:39.216901
2947,566,300,1,True,54,2025-06-04 08:27:39.453888
2948,566,300,4,False,55,2025-06-04 08:27:39.528531
2949,566,300,2,False,55,2025-06-04 08:27:40.029154
2850,566,304,3,True,34,2025-06-04 08:27:19.097597
2851,566,304,4,False,34,2025-06-04 08:27:19.414411
2749,566,306,3,False,9,2025-06-04 08:26:53.805822
2750,566,306,4,False,9,2025-06-04 08:26:53.876716
2753,566,306,2,True,9,2025-06-04 08:26:54.386620
2933,566,307,2,False,52,2025-06-04 08:27:37.186977
2938,566,307,4,False,53,2025-06-04 08:27:37.893693
2941,566,307,1,True,53,2025-06-04 08:27:38.164864
2725,566,308,2,False,5,2025-06-04 08:26:50.393070
2726,566,308,1,False,5,2025-06-04 08:26:50.426070
2727,566,308,4,True,6,2025-06-04 08:26:50.524123
2914,566,323,4,False,49,2025-06-04 08:27:33.642767
2920,566,323,3,True,50,2025-06-04 08:27:34.923794
2921,566,323,2,False,51,2025-06-04 08:27:35.626085
2800,566,324,3,False,19,2025-06-04 08:27:04.464329
2806,566,324,2,False,20,2025-06-04 08:27:05.395524
2814,566,324,1,False,21,2025-06-04 08:27:06.425742
2846,566,324,4,True,33,2025-06-04 08:27:18.226178
2744,566,342,2,True,8,2025-06-04 08:26:52.897741
2747,566,342,4,False,9,2025-06-04 08:26:53.667297
2729,567,366,4,True,4,2025-06-04 08:26:51.268569
2902,567,416,4,False,45,2025-06-04 08:27:31.981171
2904,567,416,1,False,45,2025-06-04 08:27:32.146617
2905,567,416,2,False,45,2025-06-04 08:27:32.155595
2909,567,416,3,True,45,2025-06-04 08:27:32.664000
2931,567,432,3,False,50,2025-06-04 08:27:37.068585
2932,567,432,4,False,50,2025-06-04 08:27:37.152921
2934,567,432,2,True,50,2025-06-04 08:27:37.449007
2915,567,439,4,False,47,2025-06-04 08:27:33.839173
2918,567,439,3,False,47,2025-06-04 08:27:34.604030
2924,567,439,1,False,49,2025-06-04 08:27:35.988785
2925,567,439,2,True,49,2025-06-04 08:27:36.166729
2829,567,454,4,False,21,2025-06-04 08:27:08.601407
2839,567,454,3,True,29,2025-06-04 08:27:16.003707
2864,567,457,3,True,41,2025-06-04 08:27:27.886265
2865,567,457,4,False,41,2025-06-04 08:27:27.935826
2866,567,457,1,False,41,2025-06-04 08:27:28.118509
2869,567,457,2,False,41,2025-06-04 08:27:28.574911
2877,567,468,3,False,42,2025-06-04 08:27:29.598511
2878,567,468,4,False,42,2025-06-04 08:27:29.776424
2888,567,468,1,False,43,2025-06-04 08:27:30.504116
2894,567,468,2,True,44,2025-06-04 08:27:31.035261
2870,567,477,1,True,41,2025-06-04 08:27:28.712632
2872,567,477,4,False,42,2025-06-04 08:27:29.077096
2873,567,477,3,False,42,2025-06-04 08:27:29.234520
2767,567,481,2,True,12,2025-06-04 08:26:59.256723
2856,567,499,4,False,39,2025-06-04 08:27:26.890891
2857,567,499,3,False,39,2025-06-04 08:27:26.892255
2858,567,499,1,True,39,2025-06-04 08:27:26.952643
2859,567,499,2,False,39,2025-06-04 08:27:26.982525
2804,569,385,3,True,13,2025-06-04 08:27:05.231272
2811,569,407,3,True,14,2025-06-04 08:27:06.023305
2745,569,414,2,True,1,2025-06-04 08:26:53.384354
2758,569,419,2,True,3,2025-06-04 08:26:55.213805
2774,569,421,2,False,10,2025-06-04 08:27:01.536124
2781,569,421,3,True,11,2025-06-04 08:27:02.757553
2783,569,421,4,False,11,2025-06-04 08:27:02.864986
2789,569,421,1,False,11,2025-06-04 08:27:03.227517
2760,569,448,4,False,6,2025-06-04 08:26:57.544098
2766,569,448,1,False,7,2025-06-04 08:26:59.129375
2768,569,448,3,False,8,2025-06-04 08:26:59.819844
2771,569,448,2,True,9,2025-06-04 08:27:00.458377
2795,569,459,4,False,12,2025-06-04 08:27:03.962151
2796,569,459,3,True,12,2025-06-04 08:27:04.086303
2955,572,256,1,False,40,2025-06-04 08:27:47.818721
2958,572,256,3,True,42,2025-06-04 08:27:49.487383
2960,572,256,2,False,43,2025-06-04 08:27:50.287298
2838,572,290,3,True,8,2025-06-04 08:27:15.863788
2961,572,304,4,False,43,2025-06-04 08:27:50.424376
2966,572,304,1,False,50,2025-06-04 08:27:57.358972
2968,572,304,2,False,51,2025-06-04 08:27:58.129189
2970,572,304,3,True,52,2025-06-04 08:27:59.135969
2944,572,323,4,False,31,2025-06-04 08:27:38.418891
2945,572,323,3,True,32,2025-06-04 08:27:39.182739
2871,572,345,4,False,21,2025-06-04 08:27:28.890404
2880,572,345,3,False,22,2025-06-04 08:27:29.893277
2890,572,345,1,True,23,2025-06-04 08:27:30.656331
2965,574,382,2,True,44,2025-06-04 08:27:54.229458
2922,574,385,3,True,25,2025-06-04 08:27:35.840669
2962,574,395,3,True,40,2025-06-04 08:27:50.580229
2863,574,407,3,True,17,2025-06-04 08:27:27.312196
2881,574,414,2,True,19,2025-06-04 08:27:29.909099
2854,574,417,2,False,10,2025-06-04 08:27:20.106859
2855,574,417,3,True,14,2025-06-04 08:27:24.314483
2842,574,418,2,True,7,2025-06-04 08:27:17.489220
2911,574,421,3,True,23,2025-06-04 08:27:33.048172
2952,574,446,1,False,34,2025-06-04 08:27:44.746257
2953,574,446,3,False,36,2025-06-04 08:27:46.497311
2954,574,446,2,True,37,2025-06-04 08:27:47.477786
2837,574,460,3,True,5,2025-06-04 08:27:15.447721
3036,576,236,3,True,68,2025-06-04 08:28:21.915985
3037,576,236,1,False,68,2025-06-04 08:28:22.169393
3038,576,236,2,False,68,2025-06-04 08:28:22.235367
3073,576,247,3,False,77,2025-06-04 08:28:30.821244
3077,576,247,2,True,78,2025-06-04 08:28:32.249764
3078,576,247,1,False,78,2025-06-04 08:28:32.406259
3065,576,260,2,True,75,2025-06-04 08:28:28.760957
3066,576,260,3,False,75,2025-06-04 08:28:28.763412
3067,576,260,4,False,75,2025-06-04 08:28:28.952004
3056,576,266,3,False,73,2025-06-04 08:28:26.764383
3058,576,266,2,False,73,2025-06-04 08:28:27.156762
3060,576,266,1,False,73,2025-06-04 08:28:27.225902
3063,576,266,4,True,74,2025-06-04 08:28:27.871498
3089,576,267,4,False,80,2025-06-04 08:28:34.343714
3091,576,267,3,False,81,2025-06-04 08:28:34.903569
3092,576,267,1,True,81,2025-06-04 08:28:35.097322
3096,576,267,2,False,82,2025-06-04 08:28:35.619282
3084,576,269,2,True,79,2025-06-04 08:28:33.165290
3024,576,292,1,False,67,2025-06-04 08:28:20.874675
3025,576,292,2,True,67,2025-06-04 08:28:20.949346
3032,576,292,4,False,67,2025-06-04 08:28:21.356949
3033,576,292,3,False,68,2025-06-04 08:28:21.556663
3046,576,305,1,False,70,2025-06-04 08:28:24.298130
3047,576,305,3,True,70,2025-06-04 08:28:24.299323
3049,576,305,4,False,71,2025-06-04 08:28:24.526090
3044,576,333,1,True,69,2025-06-04 08:28:22.779680
3009,576,335,1,False,65,2025-06-04 08:28:18.799899
3010,576,335,3,False,65,2025-06-04 08:28:19.044682
3012,576,335,4,False,66,2025-06-04 08:28:19.663755
3015,576,335,2,True,66,2025-06-04 08:28:19.992417
2982,579,375,2,True,16,2025-06-04 08:28:10.224817
2978,579,382,2,True,14,2025-06-04 08:28:07.609750
3011,579,385,3,True,26,2025-06-04 08:28:19.573183
3004,579,395,3,True,24,2025-06-04 08:28:17.511704
3045,579,407,3,True,30,2025-06-04 08:28:23.516080
2986,579,417,2,False,18,2025-06-04 08:28:11.784431
2998,579,417,4,False,21,2025-06-04 08:28:14.417353
3000,579,417,3,True,21,2025-06-04 08:28:14.958141
2967,579,446,2,True,3,2025-06-04 08:27:57.491961
3052,579,449,3,False,31,2025-06-04 08:28:24.813237
3054,579,449,2,False,32,2025-06-04 08:28:26.173694
3057,579,449,4,True,33,2025-06-04 08:28:26.925551
3035,579,460,3,True,28,2025-06-04 08:28:21.754161
2973,579,467,2,True,9,2025-06-04 08:28:03.153982
3121,583,359,1,True,46,2025-06-04 08:28:43.344003
2975,583,362,2,True,8,2025-06-04 08:28:05.975482
3016,583,371,2,True,22,2025-06-04 08:28:20.036404
3042,583,387,3,True,25,2025-06-04 08:28:22.738592
3053,583,391,2,True,28,2025-06-04 08:28:25.337300
2987,583,402,4,True,14,2025-06-04 08:28:12.039974
2999,583,405,3,True,17,2025-06-04 08:28:14.454435
3002,583,409,4,True,19,2025-06-04 08:28:16.948031
2972,583,437,3,True,4,2025-06-04 08:28:02.022167
3088,583,484,2,True,36,2025-06-04 08:28:33.952064
2984,584,256,3,True,9,2025-06-04 08:28:11.331821
3040,584,270,3,True,21,2025-06-04 08:28:22.529027
2979,584,287,2,True,6,2025-06-04 08:28:07.947985
2974,584,294,4,True,3,2025-06-04 08:28:05.251610
2996,584,295,1,True,12,2025-06-04 08:28:14.151337
3090,584,304,1,False,33,2025-06-04 08:28:34.702466
3100,584,304,2,False,34,2025-06-04 08:28:36.024725
3103,584,304,4,False,35,2025-06-04 08:28:37.002245
3105,584,304,3,True,36,2025-06-04 08:28:37.703890
3007,584,307,1,True,17,2025-06-04 08:28:18.703102
3072,584,310,1,True,29,2025-06-04 08:28:30.693396
3055,584,323,3,True,24,2025-06-04 08:28:26.641295
3123,584,342,2,True,42,2025-06-04 08:28:44.239390
3124,584,342,4,False,42,2025-06-04 08:28:44.343447
3059,585,396,4,True,22,2025-06-04 08:28:27.223796
2992,585,398,2,False,8,2025-06-04 08:28:12.980227
2993,585,398,1,False,8,2025-06-04 08:28:13.064913
2995,585,398,3,True,9,2025-06-04 08:28:14.024194
2997,585,398,4,False,9,2025-06-04 08:28:14.221864
3050,585,403,3,True,20,2025-06-04 08:28:24.539174
2976,585,420,2,True,2,2025-06-04 08:28:06.866805
2977,585,420,1,False,3,2025-06-04 08:28:07.355815
3071,585,426,2,False,26,2025-06-04 08:28:30.586887
3074,585,426,3,True,26,2025-06-04 08:28:31.232513
3003,585,461,4,False,12,2025-06-04 08:28:17.017178
3006,585,461,3,True,13,2025-06-04 08:28:18.142191
3008,585,461,2,False,14,2025-06-04 08:28:18.713203
3102,585,473,4,True,31,2025-06-04 08:28:36.580863
3013,585,493,3,False,15,2025-06-04 08:28:19.718845
3018,585,493,1,False,15,2025-06-04 08:28:20.284644
3022,585,493,4,False,16,2025-06-04 08:28:20.826692
3031,585,493,2,True,16,2025-06-04 08:28:21.211107
3109,585,495,3,False,35,2025-06-04 08:28:39.321972
3111,585,495,1,False,35,2025-06-04 08:28:39.709664
3113,585,495,2,True,35,2025-06-04 08:28:39.986885
3116,585,495,4,False,36,2025-06-04 08:28:40.629866
2980,585,507,3,False,3,2025-06-04 08:28:08.163062
2981,585,507,4,False,4,2025-06-04 08:28:08.867997
2983,585,507,2,False,6,2025-06-04 08:28:10.354342
2988,585,507,1,True,7,2025-06-04 08:28:12.211622
3001,586,262,2,True,8,2025-06-04 08:28:15.633788
3023,586,344,4,False,14,2025-06-04 08:28:20.859711
3039,586,344,3,True,15,2025-06-04 08:28:22.322781
3064,587,244,3,True,19,2025-06-04 08:28:28.103441
3232,587,248,2,True,63,2025-06-04 08:29:11.457229
3137,587,254,3,True,44,2025-06-04 08:28:52.762377
3161,587,260,2,True,49,2025-06-04 08:28:58.365054
3005,587,264,4,True,9,2025-06-04 08:28:17.790131
2990,587,267,1,True,4,2025-06-04 08:28:12.771556
3216,587,291,2,True,58,2025-06-04 08:29:06.592982
3075,587,299,2,True,23,2025-06-04 08:28:31.798630
3043,587,303,3,True,14,2025-06-04 08:28:22.772534
3127,587,305,3,True,37,2025-06-04 08:28:45.925525
3101,590,387,4,False,7,2025-06-04 08:28:36.464128
3104,590,387,2,False,8,2025-06-04 08:28:37.409832
3108,590,387,3,True,9,2025-06-04 08:28:38.514780
3117,590,391,3,False,11,2025-06-04 08:28:40.751362
3118,590,391,1,False,12,2025-06-04 08:28:41.895049
3130,590,391,2,True,22,2025-06-04 08:28:51.916301
3110,590,405,3,True,10,2025-06-04 08:28:39.596535
3142,590,443,2,False,24,2025-06-04 08:28:53.480786
3368,591,233,3,True,95,2025-06-04 08:30:09.828882
3233,591,235,4,True,37,2025-06-04 08:29:11.534199
3126,591,236,3,True,10,2025-06-04 08:28:44.547062
3145,591,237,1,True,21,2025-06-04 08:28:55.460598
3315,591,239,2,True,55,2025-06-04 08:29:29.635116
3196,591,241,2,True,29,2025-06-04 08:29:03.461953
3322,591,243,3,True,62,2025-06-04 08:29:36.050249
3107,591,262,2,True,4,2025-06-04 08:28:38.340998
3286,591,278,2,True,49,2025-06-04 08:29:22.875302
3334,591,292,1,False,75,2025-06-04 08:29:48.920764
3336,591,292,3,False,76,2025-06-04 08:29:49.995753
3338,591,292,2,True,77,2025-06-04 08:29:51.319286
3371,592,268,1,True,83,2025-06-04 08:30:14.468057
3375,592,295,1,True,88,2025-06-04 08:30:18.436397
3156,592,297,3,False,7,2025-06-04 08:28:57.723937
3162,592,297,2,True,8,2025-06-04 08:28:58.476431
3217,592,304,3,True,16,2025-06-04 08:29:06.736234
3197,592,315,3,True,13,2025-06-04 08:29:03.599540
3387,592,324,3,False,92,2025-06-04 08:30:22.976015
3151,593,236,1,False,6,2025-06-04 08:28:56.890804
3152,593,236,2,False,6,2025-06-04 08:28:57.275380
3154,593,236,4,False,7,2025-06-04 08:28:57.599194
3159,593,236,3,True,7,2025-06-04 08:28:58.181002
3230,593,241,4,False,19,2025-06-04 08:29:09.796204
3231,593,241,3,False,19,2025-06-04 08:29:10.065088
3236,593,241,2,True,21,2025-06-04 08:29:11.835195
3237,593,241,1,False,21,2025-06-04 08:29:11.981277
3141,593,248,4,False,2,2025-06-04 08:28:53.371445
3143,593,248,3,False,4,2025-06-04 08:28:54.713524
3148,593,248,2,True,5,2025-06-04 08:28:55.772402
3149,593,248,1,False,5,2025-06-04 08:28:56.139977
3188,593,260,1,False,12,2025-06-04 08:29:02.650050
3189,593,260,2,True,12,2025-06-04 08:29:02.678871
3193,593,260,4,False,12,2025-06-04 08:29:02.949213
3165,593,269,3,False,8,2025-06-04 08:28:59.132224
3175,593,269,1,False,9,2025-06-04 08:29:00.026716
3180,593,269,4,False,10,2025-06-04 08:29:00.986462
3183,593,269,2,True,11,2025-06-04 08:29:01.739695
3199,593,283,3,False,13,2025-06-04 08:29:03.767290
3200,593,283,2,True,13,2025-06-04 08:29:03.903966
3201,593,283,1,False,13,2025-06-04 08:29:04.011969
3205,593,283,4,False,13,2025-06-04 08:29:04.366439
3213,593,285,2,False,15,2025-06-04 08:29:06.282051
3215,593,285,3,False,16,2025-06-04 08:29:06.553884
3220,593,285,1,True,17,2025-06-04 08:29:07.796799
3224,593,285,4,False,18,2025-06-04 08:29:08.508135
3131,593,299,1,False,1,2025-06-04 08:28:51.966855
3132,593,299,3,False,1,2025-06-04 08:28:52.045852
3134,593,299,4,False,1,2025-06-04 08:28:52.314229
3135,593,299,2,True,2,2025-06-04 08:28:52.526823
3208,593,302,2,False,14,2025-06-04 08:29:05.111031
3209,593,302,3,True,14,2025-06-04 08:29:05.126931
3225,593,314,3,False,18,2025-06-04 08:29:08.696157
3226,593,314,2,True,18,2025-06-04 08:29:08.914670
3227,593,314,1,False,18,2025-06-04 08:29:08.997996
3144,594,304,3,True,4,2025-06-04 08:28:55.160507
3169,594,324,3,False,8,2025-06-04 08:28:59.435354
3211,594,324,4,True,15,2025-06-04 08:29:05.627995
3332,596,379,2,True,51,2025-06-04 08:29:45.854281
3287,596,402,4,True,29,2025-06-04 08:29:22.953399
3361,596,414,2,True,70,2025-06-04 08:30:04.155735
3317,596,418,2,True,36,2025-06-04 08:29:30.469416
3393,596,421,3,True,90,2025-06-04 08:30:24.063957
3325,596,446,2,True,45,2025-06-04 08:29:39.492008
3349,596,447,3,True,66,2025-06-04 08:30:00.777052
3262,596,455,3,True,23,2025-06-04 08:29:18.220161
3309,596,459,3,True,33,2025-06-04 08:29:27.762583
3177,596,460,3,True,6,2025-06-04 08:29:00.431408
3206,597,406,4,False,7,2025-06-04 08:29:04.706509
3191,597,414,3,False,5,2025-06-04 08:29:02.699391
3198,597,414,2,True,6,2025-06-04 08:29:03.627606
3164,597,445,4,False,1,2025-06-04 08:28:59.058877
3173,597,445,2,False,2,2025-06-04 08:28:59.655898
3176,597,445,1,False,3,2025-06-04 08:29:00.188727
3179,597,445,3,True,3,2025-06-04 08:29:00.849083
3326,598,270,2,False,31,2025-06-04 08:29:40.377799
3328,598,270,3,True,32,2025-06-04 08:29:41.283162
3234,598,294,4,True,2,2025-06-04 08:29:11.606158
3263,598,295,1,True,9,2025-06-04 08:29:18.547501
3303,598,304,3,True,18,2025-06-04 08:29:26.654535
3242,598,306,2,True,6,2025-06-04 08:29:14.836581
3281,598,307,1,True,13,2025-06-04 08:29:22.161477
3320,598,324,4,True,22,2025-06-04 08:29:31.471034
3239,599,419,2,True,2,2025-06-04 08:29:12.668264
3252,599,447,2,False,6,2025-06-04 08:29:16.879922
3261,599,447,4,False,7,2025-06-04 08:29:18.146302
3265,599,447,1,False,8,2025-06-04 08:29:19.058306
3274,599,447,3,True,10,2025-06-04 08:29:20.400565
3305,602,235,4,True,13,2025-06-04 08:29:26.949068
3306,602,235,3,False,13,2025-06-04 08:29:26.953941
3308,602,235,1,False,14,2025-06-04 08:29:27.655623
3247,602,237,4,False,2,2025-06-04 08:29:15.684543
3248,602,237,1,True,2,2025-06-04 08:29:15.880723
3250,602,237,2,False,3,2025-06-04 08:29:16.475386
3310,602,254,2,False,14,2025-06-04 08:29:27.863835
3311,602,254,1,False,14,2025-06-04 08:29:27.916702
3316,602,254,4,False,16,2025-06-04 08:29:29.881350
3319,602,254,3,True,17,2025-06-04 08:29:30.707940
3272,602,260,1,False,6,2025-06-04 08:29:20.146265
3273,602,260,4,False,7,2025-06-04 08:29:20.364639
3275,602,260,3,False,7,2025-06-04 08:29:20.636674
3276,602,260,2,True,7,2025-06-04 08:29:20.781516
3240,602,264,3,False,1,2025-06-04 08:29:14.686474
3241,602,264,4,True,1,2025-06-04 08:29:14.737278
3243,602,264,1,False,1,2025-06-04 08:29:14.840364
3292,602,283,1,False,11,2025-06-04 08:29:24.465766
3294,602,283,3,False,11,2025-06-04 08:29:25.197553
3298,602,283,2,True,12,2025-06-04 08:29:26.036549
3302,602,283,4,False,13,2025-06-04 08:29:26.617599
3288,602,291,2,True,10,2025-06-04 08:29:23.554759
3264,602,303,4,False,5,2025-06-04 08:29:18.958013
3266,602,303,3,True,6,2025-06-04 08:29:19.202766
3267,602,303,2,False,6,2025-06-04 08:29:19.409003
3268,602,303,1,False,6,2025-06-04 08:29:19.652022
3253,602,314,1,False,3,2025-06-04 08:29:16.966773
3254,602,314,2,True,3,2025-06-04 08:29:17.089659
3255,602,314,3,False,4,2025-06-04 08:29:17.190479
3259,602,314,4,False,4,2025-06-04 08:29:17.705956
3279,602,333,2,False,8,2025-06-04 08:29:22.008434
3280,602,333,1,True,9,2025-06-04 08:29:22.149972
3285,602,333,4,False,9,2025-06-04 08:29:22.649543
3300,603,416,3,True,10,2025-06-04 08:29:26.219297
3369,603,428,2,True,55,2025-06-04 08:30:11.050711
3374,603,432,4,False,61,2025-06-04 08:30:17.037598
3379,603,432,2,True,64,2025-06-04 08:30:20.640098
3270,603,457,2,False,3,2025-06-04 08:29:19.855299
3283,603,457,3,True,6,2025-06-04 08:29:22.325740
3419,603,468,3,False,74,2025-06-04 08:30:30.603973
3423,603,468,1,False,75,2025-06-04 08:30:31.700331
3429,603,468,2,True,76,2025-06-04 08:30:32.672716
3433,603,468,4,False,77,2025-06-04 08:30:33.202075
3365,603,477,1,True,51,2025-06-04 08:30:07.760422
3448,603,483,2,False,78,2025-06-04 08:30:34.541614
3457,603,483,1,False,79,2025-06-04 08:30:35.888638
3458,603,483,3,True,80,2025-06-04 08:30:36.371649
3481,603,487,3,True,85,2025-06-04 08:30:41.851900
3335,603,498,2,False,33,2025-06-04 08:29:49.284768
3341,603,498,1,True,36,2025-06-04 08:29:52.447373
3323,603,499,1,True,22,2025-06-04 08:29:37.992944
3321,605,375,2,True,10,2025-06-04 08:29:33.084504
3318,605,395,3,True,7,2025-06-04 08:29:30.628298
3342,605,402,2,False,32,2025-06-04 08:29:55.370571
3343,605,402,4,True,33,2025-06-04 08:29:55.844638
3327,605,418,2,True,17,2025-06-04 08:29:40.752206
3329,605,421,2,False,21,2025-06-04 08:29:43.953609
3330,605,421,4,False,21,2025-06-04 08:29:44.670278
3331,605,421,1,False,22,2025-06-04 08:29:45.387284
3333,605,421,3,True,23,2025-06-04 08:29:45.992307
3340,605,442,2,True,29,2025-06-04 08:29:52.044552
3350,605,446,2,True,38,2025-06-04 08:30:01.040488
3344,605,447,4,False,34,2025-06-04 08:29:57.720595
3346,605,447,2,False,35,2025-06-04 08:29:58.322307
3347,605,447,1,False,36,2025-06-04 08:29:58.915416
3348,605,447,3,True,36,2025-06-04 08:29:59.486707
3337,605,451,3,True,27,2025-06-04 08:29:50.183069
3324,605,455,3,True,15,2025-06-04 08:29:38.524462
3345,606,300,1,True,5,2025-06-04 08:29:58.290048
3366,606,345,1,True,16,2025-06-04 08:30:09.389802
3352,607,299,3,False,6,2025-06-04 08:30:02.473047
3362,607,299,4,False,8,2025-06-04 08:30:04.408098
3351,607,333,1,True,5,2025-06-04 08:30:02.443906
3355,607,333,4,False,5,2025-06-04 08:30:02.632309
3376,609,385,4,False,15,2025-06-04 08:30:18.448997
3377,609,385,2,False,16,2025-06-04 08:30:19.387576
3378,609,385,1,False,17,2025-06-04 08:30:20.452500
3383,609,385,3,True,18,2025-06-04 08:30:22.061262
3370,609,405,3,True,9,2025-06-04 08:30:12.591020
3364,609,407,3,True,2,2025-06-04 08:30:06.574843
3367,609,414,2,True,6,2025-06-04 08:30:09.624276
3372,609,442,2,True,11,2025-06-04 08:30:15.194879
3497,611,468,2,True,35,2025-06-04 08:30:46.143064
3436,611,481,2,True,22,2025-06-04 08:30:33.434546
3399,611,495,2,True,14,2025-06-04 08:30:25.312250
3373,611,499,1,True,4,2025-06-04 08:30:15.758031
3401,612,300,1,True,11,2025-06-04 08:30:25.471160
3478,612,306,1,False,27,2025-06-04 08:30:41.199952
3479,612,306,4,False,27,2025-06-04 08:30:41.282472
3480,612,306,2,True,28,2025-06-04 08:30:41.826027
3492,612,320,3,True,29,2025-06-04 08:30:42.697722
3426,612,323,1,False,18,2025-06-04 08:30:32.403195
3434,612,323,4,False,19,2025-06-04 08:30:33.277971
3440,612,323,2,False,20,2025-06-04 08:30:33.766147
3453,612,323,3,True,21,2025-06-04 08:30:34.798116
3477,613,233,2,False,25,2025-06-04 08:30:40.645754
3483,613,233,3,True,26,2025-06-04 08:30:41.985313
3484,613,233,4,False,26,2025-06-04 08:30:42.196291
3488,613,233,1,False,26,2025-06-04 08:30:42.298078
3425,613,235,2,False,17,2025-06-04 08:30:32.266650
3427,613,235,1,False,17,2025-06-04 08:30:32.406000
3432,613,235,3,False,17,2025-06-04 08:30:33.148555
3435,613,235,4,True,18,2025-06-04 08:30:33.339300
3464,613,237,2,False,22,2025-06-04 08:30:37.697672
3465,613,237,3,False,23,2025-06-04 08:30:38.240972
3467,613,237,1,True,23,2025-06-04 08:30:38.639531
3409,613,241,1,False,12,2025-06-04 08:30:27.389139
3410,613,241,3,False,12,2025-06-04 08:30:27.743983
3411,613,241,2,True,12,2025-06-04 08:30:27.871179
3413,613,241,4,False,12,2025-06-04 08:30:28.061733
3459,613,254,3,True,21,2025-06-04 08:30:36.854171
3460,613,254,4,False,21,2025-06-04 08:30:36.947816
3461,613,254,1,False,21,2025-06-04 08:30:37.154935
3462,613,254,2,False,22,2025-06-04 08:30:37.337274
3395,613,264,4,True,9,2025-06-04 08:30:24.694867
3446,613,269,4,False,19,2025-06-04 08:30:34.346770
3454,613,269,1,False,19,2025-06-04 08:30:34.914743
3455,613,269,2,True,19,2025-06-04 08:30:35.087677
3471,613,302,2,False,24,2025-06-04 08:30:39.481167
3472,613,302,3,True,24,2025-06-04 08:30:39.625427
3474,613,302,1,False,24,2025-06-04 08:30:39.980041
3421,613,305,3,True,16,2025-06-04 08:30:31.507438
3422,613,305,4,False,16,2025-06-04 08:30:31.552868
3400,613,333,4,False,10,2025-06-04 08:30:25.467040
3403,613,333,2,False,10,2025-06-04 08:30:25.838137
3404,613,333,3,False,11,2025-06-04 08:30:26.309283
3406,613,333,1,True,11,2025-06-04 08:30:26.525042
3386,614,306,4,False,7,2025-06-04 08:30:22.931943
3391,614,306,2,True,8,2025-06-04 08:30:23.816139
3380,614,324,1,False,5,2025-06-04 08:30:20.776251
3381,614,324,3,False,5,2025-06-04 08:30:21.430437
3384,614,324,4,True,6,2025-06-04 08:30:22.089832
3499,616,379,2,True,29,2025-06-04 08:30:56.206837
3444,616,382,2,True,7,2025-06-04 08:30:34.174972
3468,616,385,3,True,12,2025-06-04 08:30:38.741429
3496,616,402,4,True,18,2025-06-04 08:30:44.858395
3418,616,406,2,True,2,2025-06-04 08:30:28.740515
3420,616,407,3,True,4,2025-06-04 08:30:30.672122
3501,616,418,2,True,34,2025-06-04 08:31:00.693070
3500,616,442,2,True,32,2025-06-04 08:30:58.517570
3498,616,445,3,True,27,2025-06-04 08:30:53.816088
3502,616,460,2,False,36,2025-06-04 08:31:02.585495
3503,616,460,4,False,36,2025-06-04 08:31:03.160243
3504,645,235,2,False,2,2025-06-04 11:40:34.113879
3505,645,235,1,False,4,2025-06-04 11:40:36.609616
3506,645,235,3,False,5,2025-06-04 11:40:37.258227
3507,645,235,4,True,6,2025-06-04 11:40:37.922398
3508,645,252,2,False,8,2025-06-04 11:40:40.268942
3509,645,252,4,True,9,2025-06-04 11:40:40.718122
3510,645,279,1,False,10,2025-06-04 11:40:42.130918
3511,645,279,3,False,10,2025-06-04 11:40:42.550506
3512,645,279,2,True,11,2025-06-04 11:40:43.206828
3519,648,260,1,False,5,2025-06-12 18:00:25.905322
3520,648,260,2,True,6,2025-06-12 18:00:26.527630
3517,648,262,2,True,4,2025-06-12 18:00:24.809464
3518,648,262,4,False,5,2025-06-12 18:00:25.082936
3513,648,283,1,False,2,2025-06-12 18:00:22.459859
3514,648,283,3,False,2,2025-06-12 18:00:22.873639
3515,648,283,4,False,3,2025-06-12 18:00:23.303129
3516,648,283,2,True,3,2025-06-12 18:00:23.591272
